time,open,high,low,close,Developing Poc,Developing VA High,Developing VA Low,Volume,Volume MA,RSI,Plot,Plot,Oscillator,ATR,CCI,Fisher,Trigger,Plot
2020-01-01T22:00:00Z,108.629,108.866,108.212,108.561,NaN,NaN,NaN,40173,44204.55,40.37244819212597,0.165782142857249,0,45.00679538761182,0.42082423339057257,-95.06814324948837,-0.4514853270242446,0.19586794387788536,1.5736568457538995
2020-01-02T22:00:00Z,108.561,108.631,107.842,108.11,NaN,NaN,NaN,84515,45149.3,34.35908853142274,-0.01928357142846307,0,41.96240684552684,0.4471225024341032,-150.78276498127758,-1.0275695410572374,-0.4514853270242446,0.9022653721682848
2020-01-05T22:00:00Z,108.11,108.506,107.772,108.372,NaN,NaN,NaN,65621,45884.95,39.9543817168427,-0.15003749999988725,0,47.97278996854597,0.46761375226023827,-101.30571814494033,-1.547986640136831,-1.0275695410572374,1.1638123603871928
2020-01-06T22:00:00Z,108.372,108.63,108.262,108.462,NaN,NaN,NaN,57377,46336.45,41.789956448811516,-0.2744664285713122,0,46.11554714586354,0.46049848424164946,-85.5542252375699,-1.6459977832893884,-1.547986640136831,0.6511758118701008
2020-01-07T22:00:00Z,108.462,109.246,107.651,109.132,NaN,NaN,NaN,147036,52100.5,53.24794600541178,-0.2725082142855972,0,58.48827219057721,0.5415343067958173,9.749063494335733,-1.6020296124345705,-1.6459977832893884,1.4932546374367621
2020-01-08T22:00:00Z,109.132,109.582,109.012,109.524,NaN,NaN,NaN,59216,52830.8,58.40654154806236,-0.19149714285702202,0,64.60706676444167,0.5435675705961155,65.92026453956647,-1.0155491954320408,-1.6020296124345705,1.3399840383080606
2020-01-09T22:00:00Z,109.524,109.69,109.432,109.47,NaN,NaN,NaN,41065,52815.15,57.46588036435276,-0.15303107142845057,0,64.4546687942378,0.5231698869821069,53.32588700195039,-0.31706854002451557,-1.0155491954320408,0.8941252420916721
2020-01-12T22:00:00Z,109.47,109.947,109.47,109.944,NaN,NaN,NaN,33081,50937.85,63.08584888919344,0.018025357142979148,0,68.66316256737001,0.5198720379119567,121.27035987125238,0.3340262012103623,-0.31706854002451557,2.2751677852348995
2020-01-13T22:00:00Z,109.944,110.214,109.854,109.996,NaN,NaN,NaN,54611,48791.35,63.653226230856475,0.17821428571440823,0,71.39204865552051,0.5084526066325312,118.04922515954138,0.9179121537792471,0.3340262012103623,1.369951534733441
2020-01-14T22:00:00Z,109.996,110.01,109.789,109.9,NaN,NaN,NaN,43311,49155.6,61.76575884227535,0.32957035714298055,0,69.89162851503772,0.4879202775873507,98.1274903343809,1.3442562506885563,0.9179121537792471,1.2714508580343213
2020-01-15T22:00:00Z,109.9,110.178,109.857,110.176,NaN,NaN,NaN,34505,49159.9,64.98080849006759,0.5171878571429824,0,72.61258928951003,0.4759974006168255,127.14425618400281,1.7688726492383582,1.3442562506885563,2.4181389870435805
2020-01-16T22:00:00Z,110.176,110.29,110.048,110.156,NaN,NaN,NaN,35144,49229.3,64.55717980899902,0.6920957142858406,0,66.45904077993815,0.45928330057276684,115.27394978346074,2.199491032155649,1.7688726492383582,1.0602409638554218
2020-01-19T22:00:00Z,110.156,110.218,110.078,110.184,NaN,NaN,NaN,19122,48306.1,64.90215936729433,0.8347539285715544,0,64.91606866644148,0.436477350531855,107.23802618944686,2.581852065143563,2.199491032155649,1.0602409638554218
2020-01-20T22:00:00Z,110.184,110.222,109.762,109.875,NaN,NaN,NaN,52191,49360.25,58.17284905026359,0.9137882142858422,0,62.94242987110231,0.43815753977957916,63.35960438883334,2.390315447525132,2.581852065143563,0.6672316384180791
2020-01-21T22:00:00Z,109.875,110.1,109.832,109.84,NaN,NaN,NaN,41128,49906.45,57.44629540694927,0.9723971428572709,0,53.01883956664151,0.4260034297953236,54.635751646963634,1.9632615125049255,2.390315447525132,0.9993160054719562
2020-01-22T22:00:00Z,109.84,109.864,109.265,109.493,NaN,NaN,NaN,59972,51488.75,50.68715620823742,0.9608228571429859,0,52.38041747758897,0.4383603276670865,12.31505773992179,1.0846972347080928,1.9632615125049255,1.030942334739803
2020-01-23T22:00:00Z,109.493,109.654,109.173,109.279,NaN,NaN,NaN,56551,53144.85,47.01332410745647,0.9345864285715569,0,48.167020593082135,0.44140601854800854,-11.151545723105315,0.2749646473422238,1.0846972347080928,0.4321167883211679
2020-01-26T22:00:00Z,109.279,109.279,108.732,108.896,NaN,NaN,NaN,87559,54690.9,41.250675625460644,0.8274571428572746,0,42.20819277762518,0.44894844579457915,-51.70473238554987,-0.41850830614898804,0.2749646473422238,0.2841007819287576
2020-01-27T22:00:00Z,108.896,109.204,108.756,109.148,NaN,NaN,NaN,64202,55730.65,45.9455012270014,0.7183860714287036,0,44.60076947429866,0.4488806996663945,-24.8023718341399,-1.0170051223110064,-0.41850830614898804,2.302721088435374
2020-01-28T22:00:00Z,109.148,109.266,108.976,109.02,NaN,NaN,NaN,59586,56798.3,44.021202036938014,0.5571667857144217,0,40.423242807186064,0.43753207826165247,-43.96321822086406,-1.3748733363508394,-1.0170051223110064,1.0383008356545962
2020-01-29T22:00:00Z,109.02,109.077,108.584,108.943,NaN,NaN,NaN,96969,59638.1,42.85833427679354,0.3742982142858504,0,46.06324241555414,0.44149407267153407,-58.05459438673702,-1.782398788412336,-1.3748733363508394,1.0940416367552046
2020-01-30T22:00:00Z,108.943,109.136,108.309,108.361,NaN,NaN,NaN,90376,59931.15,35.273674869853735,0.04493285714299555,0,39.65927108145737,0.4690302103378529,-137.90947119668223,-2.2045350777576163,-1.782398788412336,0.27705627705627706
2020-02-02T22:00:00Z,108.361,108.799,108.32,108.674,NaN,NaN,NaN,86673,60983.75,41.29110100104447,-0.19852785714271748,0,43.35845858703198,0.46974233817086436,-102.03796904079358,-2.6276344438848644,-2.2045350777576163,1.8820058997050146
2020-02-03T22:00:00Z,108.674,109.546,108.55,109.525,NaN,NaN,NaN,67744,61502.1,53.85272487278588,-0.2795449999998576,0,55.30444892600672,0.5073321711586604,7.356195534434534,-2.036624287640609,-2.6276344438848644,2.504360465116279
2020-02-04T22:00:00Z,109.525,109.848,109.304,109.826,NaN,NaN,NaN,77946,58047.6,57.330348398794584,-0.2802807142855728,0,60.835496597217194,0.5099513017901843,48.53956862294939,-1.103006256428597,-2.036624287640609,3.0848400556328235
2020-02-05T22:00:00Z,109.826,110.004,109.743,109.996,NaN,NaN,NaN,55754,57874.5,59.200424403149455,-0.2167410714284309,0,61.35441144902136,0.492169065948029,67.65008072805678,-0.2709788575519152,-1.103006256428597,0.9669365721997301
2020-02-06T22:00:00Z,109.996,110.023,109.532,109.749,NaN,NaN,NaN,69115,59277,55.401223727624654,-0.20731535714271832,0,61.8495266394292,0.4920855612374555,28.962835011822783,0.3681215750812946,-0.2709788575519152,0.5853658536585366
2020-02-09T22:00:00Z,109.749,109.879,109.562,109.776,NaN,NaN,NaN,62528,60749.35,55.73562906806115,-0.14902857142843073,0,62.279610745432,0.47957944972049493,34.65986281855345,0.8237218241218605,0.3681215750812946,1.4339152119700749
2020-02-10T22:00:00Z,109.776,109.966,109.728,109.79,NaN,NaN,NaN,46351,60336.35,55.920189642960445,-0.08176785714271706,0,69.39230225925276,0.46232377474045955,39.037921585912635,1.2694579529303875,0.8237218241218605,2.287793952967525
2020-02-11T22:00:00Z,109.79,110.135,109.772,110.094,NaN,NaN,NaN,45496,60445.6,59.83624792433248,0.03837250000013903,0,71.7257867016704,0.4552292194018553,81.67733802212965,1.7214050657225917,1.2694579529303875,1.4388009991673605
2020-02-12T22:00:00Z,110.094,110.094,109.62,109.831,NaN,NaN,NaN,70289,62234.8,55.262163648197074,0.13918392857156775,0,64.56815522441136,0.45656998944457916,47.03476482621123,2.0096488226217906,1.7214050657225917,0.9938817131203264
2020-02-13T22:00:00Z,109.831,109.912,109.699,109.781,NaN,NaN,NaN,47489,62852.05,54.41059005842017,0.2396003571429994,0,59.7960868460184,0.43917213305568126,43.768569441851476,2.024629290402679,2.0096488226217906,1.0892086330935251
2020-02-16T22:00:00Z,109.781,109.961,109.719,109.877,NaN,NaN,NaN,25753,63183.6,55.81832970487126,0.36893250000013844,0,56.66032040916667,0.42508840926599006,63.13975137608122,1.7829869908760265,2.024629290402679,1.0892086330935251
2020-02-17T22:00:00Z,109.877,109.948,109.658,109.872,NaN,NaN,NaN,57514,63449.75,55.721820858322744,0.47695785714299477,0,60.096657035198646,0.41543923717556164,62.367086703213864,1.242644079436308,1.7829869908760265,0.7496998799519808
2020-02-18T22:00:00Z,109.872,111.594,109.854,111.351,NaN,NaN,NaN,62906,64538.65,71.44768379403061,0.7830096428572799,0,69.18467791688316,0.5100507202344498,251.43347615331425,1.2484262480009152,1.242644079436308,1.1671619613670134
2020-02-19T22:00:00Z,111.351,112.229,111.112,112.112,NaN,NaN,NaN,112133,67146.7,76.14279119171017,1.1405107142858497,0,76.06723298845517,0.5534042402177036,281.97186056279367,1.496544802779697,1.2484262480009152,1.5081405312767782
2020-02-20T22:00:00Z,112.112,112.188,111.473,111.549,NaN,NaN,NaN,96985,69168.4,67.3226810094774,1.3364560714287081,0,67.88988286317144,0.5649467944878679,186.21259659291007,1.848868660679476,1.496544802779697,0.4594325535092086
2020-02-23T22:00:00Z,111.549,111.683,110.333,110.72,NaN,NaN,NaN,127962,71188.55,56.875456410815445,1.3130389285715638,0,60.4240849074618,0.6210220234530208,85.13012116970397,1.6156061153270322,1.848868660679476,0.12026976395653803
2020-02-24T22:00:00Z,110.72,111.042,109.89,110.204,NaN,NaN,NaN,178309,76893.9,51.51666196845428,1.2006060714287028,0,55.23024781690693,0.6589490217778051,26.365111444920053,1.1030690402228287,1.6156061153270322,0.1229846269216348
2020-02-25T22:00:00Z,110.204,110.703,110.13,110.426,NaN,NaN,NaN,192127,83520.95,53.54465227533682,1.1075371428572733,0,54.465574419080795,0.6528098059365338,42.68814044787881,0.613595917494368,1.1030690402228287,0.5451225873761085
2020-02-26T22:00:00Z,110.426,110.457,109.569,109.59,NaN,NaN,NaN,240154,90680.2,45.77900443576594,0.8413553571429864,0,48.89517784798711,0.6696091055124951,-51.0961732788322,0.08302402701608996,0.613595917494368,0.12281354670636398
2020-02-27T22:00:00Z,109.59,109.682,107.512,108.064,NaN,NaN,NaN,300864,101204.6,35.622961093551936,0.2760692857144153,0,38.84110606873854,0.7767798836901741,-213.42123521582644,-0.478196639542092,0.08302402701608996,0.35656474820143885
2020-03-01T22:00:00Z,108.064,108.579,107.372,108.33,NaN,NaN,NaN,262032,109972.55,38.19679766185337,-0.18599035714272472,0,39.74121105475643,0.8075098919980184,-179.34153697862735,-1.014238305388538,-0.478196639542092,4.411449016100179
2020-03-02T22:00:00Z,108.33,108.537,106.93,107.12,NaN,NaN,NaN,243211,118745.9,31.9409493805108,-0.7435092857141514,0,36.70493795131403,0.8646163282838742,-256.6493286114741,-1.5163376309775183,-1.014238305388538,0.5650342285413376
2020-03-03T22:00:00Z,107.12,107.69,106.849,107.535,NaN,NaN,NaN,166337,123165.45,35.82320972460775,-1.1558935714284388,0,40.693765579327874,0.8629294476921686,-179.6543009080644,-1.9890814777889085,-1.5163376309775183,5.482683982683983
2020-03-04T22:00:00Z,107.535,107.741,105.975,106.168,NaN,NaN,NaN,160222,128388.85,29.794319906895126,-1.7115610714284397,0,37.07407629337097,0.9274344871427285,-212.16058606422854,-2.4395688869710828,-1.9890814777889085,0.13920671243325705
2020-03-05T22:00:00Z,106.168,106.345,104.993,105.362,NaN,NaN,NaN,261358,138001,26.91782249981685,-2.322633928571298,0,35.33530414033803,0.9577605952039624,-195.5976405145383,-2.8741378669503326,-2.4395688869710828,0.23687474162877223
2020-03-08T21:00:00Z,105.362,105.364,101.18,102.37,NaN,NaN,NaN,261885,147968.85,19.421795800454362,-3.218297857142726,0,34.929254447431475,1.188206266975108,-244.43941126533863,-3.297657998893403,-2.8741378669503326,0.03427214116050221
2020-03-09T21:00:00Z,102.37,105.924,102.011,105.638,NaN,NaN,NaN,287512,160026.9,39.30372009007279,-3.402400714285582,0,47.120052849108866,1.382834390762601,-106.39758513118032,-3.1222921737253895,-3.297657998893403,3
2020-03-10T21:00:00Z,105.638,105.65,104.099,104.533,NaN,NaN,NaN,238184,169661.3,36.06350610872918,-3.7004242857141527,0,43.611151669587386,1.394846219993844,-123.24998783304652,-2.4996593464125545,-3.1222921737253895,0.06725352112676056
2020-03-11T21:00:00Z,104.533,106.106,103.083,104.63,NaN,NaN,NaN,268803,179587,36.55794363449707,-3.928090714285584,0,46.719712746221305,1.5111429185657121,-105.56485744848234,-2.002208819524845,-2.4996593464125545,0.028542646071188716
2020-03-12T21:00:00Z,104.63,108.512,104.509,107.887,NaN,NaN,NaN,258556,190140.35,50.42180049778473,-3.497698928571298,0,52.331192884767276,1.6891327100967326,-8.344513013139615,-1.2859897851308761,-2.002208819524845,7.120643431635389
2020-03-15T21:00:00Z,107.887,107.887,105.146,105.845,NaN,NaN,NaN,258214,201763.4,43.93877900595362,-3.41823499999987,0,51.54058229643964,1.764266087946966,-62.64273580027358,-0.6231867730416036,-1.2859897851308761,0.050120151047030555
2020-03-16T21:00:00Z,105.845,107.864,105.845,107.685,NaN,NaN,NaN,320292,214902.3,50.1575588846686,-2.9567946428570133,0,55.5372206478361,1.7824613673793261,-5.25834159994922,0.045470867194096876,-0.6231867730416036,1.404780876494024
2020-03-17T21:00:00Z,107.685,108.658,106.754,108.08,NaN,NaN,NaN,271190,225316.5,51.403819092408,-2.2975635714284444,0,60.81350148791138,1.7911426982808025,12.895498552757552,0.6549265245102227,0.045470867194096876,0.08155270655270655
2020-03-18T21:00:00Z,108.08,110.956,107.873,110.708,NaN,NaN,NaN,298774,234648.55,58.78718875423605,-1.0780092857141608,0,62.00898447567813,1.8834182198321738,106.04779677094106,1.2044461362086445,0.6549265245102227,3.046666666666667
2020-03-19T21:00:00Z,110.708,111.508,109.335,110.79,NaN,NaN,NaN,214750,240536.8,58.996525901802116,0.10141285714298309,0,63.90281970817996,1.9041026327013044,112.14454691347385,1.7072180994453134,1.2044461362086445,0.807185628742515
2020-03-22T21:00:00Z,110.79,111.596,109.668,111.242,NaN,NaN,NaN,229165,245596.95,60.196695059016534,1.2464778571429775,0,67.51600948310676,1.905809587508354,125.49663982501318,2.176623711448519,1.7072180994453134,0.3312910284463895
2020-03-23T21:00:00Z,111.242,111.718,110.086,111.222,NaN,NaN,NaN,188935,246128.25,60.112852333661,2.2716664285715433,0,65.71693407403299,1.8862517598291861,120.192571402056,2.623134251991087,2.176623711448519,11.341463414634147
2020-03-24T21:00:00Z,111.222,111.682,110.754,111.208,NaN,NaN,NaN,176677,245355.75,60.049802050368854,3.2511142857143964,0,70.64573001814196,1.8178052055556726,116.23876392859421,3.054232400797665,2.623134251991087,4.48
2020-03-25T21:00:00Z,111.208,111.302,109.207,109.628,NaN,NaN,NaN,193558,243025.95,53.2603121204331,3.796693214285824,0,63.94242889015299,1.8376048337302682,63.756528360613814,2.699082811867715,3.054232400797665,7.420612813370473
2020-03-26T21:00:00Z,109.628,109.746,107.758,108.014,NaN,NaN,NaN,144365,235201,47.36853091203187,3.866193571428682,0,59.42574275581755,1.8483473456066777,10.41692563956798,1.9118521724486255,2.699082811867715,0.2996981457524795
2020-03-29T21:00:00Z,108.014,108.296,107.126,107.778,NaN,NaN,NaN,118821,228040.45,46.557521467325564,3.8849446428572563,0,53.04352387923491,1.7998939637776294,3.555291329851008,0.9683586043569509,1.9118521724486255,1.4913151364764268
2020-03-30T21:00:00Z,107.778,108.729,107.463,107.557,NaN,NaN,NaN,150024,223381.1,45.76728672981877,3.7238400000001164,0,47.90206820757139,1.7617586806506562,-4.655825729375217,0.229603059837868,0.9683586043569509,0.7304347826086957
2020-03-31T21:00:00Z,107.557,107.941,106.918,107.172,NaN,NaN,NaN,115237,220826.1,44.35487674071854,3.4977917857144045,0,42.458731723809485,1.7089902034613236,-16.95809447359003,-0.43047860656885284,0.229603059837868,0.09598540145985401
2020-04-01T21:00:00Z,107.172,108.095,107.018,107.884,NaN,NaN,NaN,102228,217926.4,47.57692508706069,3.2587500000001204,0,41.171528128070065,1.6638480460712288,4.278828541737103,-0.9748507015660117,-0.43047860656885284,1.491638795986622
2020-04-02T21:00:00Z,107.884,108.678,107.802,108.528,NaN,NaN,NaN,89142,209315.6,50.37583373656072,3.0229528571429807,0,44.36395031339105,1.607573185637569,22.346009424621027,-1.2094628705075947,-0.9748507015660117,0.2847910383455407
2020-04-05T21:00:00Z,108.528,109.383,108.369,109.224,NaN,NaN,NaN,90673,200755,53.279091322308226,2.5895653571429844,0,49.43304710298796,1.565175100949171,38.96332863188789,-1.1436605726204079,-1.2094628705075947,9.802867383512545
2020-04-06T21:00:00Z,109.224,109.28,108.672,108.766,NaN,NaN,NaN,96199,191189.35,51.15805881398686,2.241916071428702,0,52.457178861889645,1.4968054508813733,14.879813182123556,-0.8796500442329293,-1.1436605726204079,2.6634146341463416
2020-04-07T21:00:00Z,108.766,109.102,108.506,108.83,NaN,NaN,NaN,84646,183512.45,51.44892187693181,1.7471714285715636,0,50.54303806152795,1.432462204389847,9.39655523532169,-0.38313189841280665,-0.8796500442329293,8.081818181818182
2020-04-08T21:00:00Z,108.83,109.064,108.208,108.495,NaN,NaN,NaN,94182,174781.4,49.77790145751218,1.073150714285851,0,53.3022563134596,1.3912863326477147,-18.09864757357392,0.03507858331319014,-0.38313189841280665,7.127717391304348
2020-04-09T21:00:00Z,108.495,108.59,108.327,108.465,NaN,NaN,NaN,12024,162454.8,49.622467835123715,0.6506246428572846,0,55.64749939270064,1.310694451744307,-21.671453450419015,0.2819866143858446,0.03507858331319014,7.127717391304348
2020-04-12T21:00:00Z,108.465,108.528,107.502,107.768,NaN,NaN,NaN,60497,152568.95,46.026525005260886,-0.1278414285712839,0,48.1176549413594,1.2903591337625715,-69.51611104261299,0.23429890728241876,0.2819866143858446,0.3850815850815851
2020-04-13T21:00:00Z,107.768,107.772,106.983,107.218,NaN,NaN,NaN,68151,139961.9,43.3565700637327,-0.8646046428569982,0,43.01158632329172,1.2545477670652452,-99.00709342985226,-0.15719858355883115,0.23429890728241876,3.1474269819193323
2020-04-14T21:00:00Z,107.218,107.866,106.926,107.438,NaN,NaN,NaN,87169,130760.85,44.7374978389039,-1.4850496428569997,0,40.72235023672723,1.2320800694177276,-82.80295451158052,-0.6301717816955593,-0.15719858355883115,0.20201207243460764
2020-04-15T21:00:00Z,107.438,108.084,107.165,107.91,NaN,NaN,NaN,93278,120486.05,47.68434164780096,-1.701069999999858,0,48.99753522077291,1.209717207316461,-52.008868253603545,-0.9539922399632783,-0.6301717816955593,1.1365923795830337
2020-04-16T21:00:00Z,107.91,108.085,107.302,107.548,NaN,NaN,NaN,90723,114284.7,45.672771446089634,-1.8796539285712859,0,46.27729080976626,1.1792374067938558,-70.08645726097423,-1.135716432294118,-0.9539922399632783,5.578366445916115
2020-04-19T21:00:00Z,107.548,107.951,107.476,107.626,NaN,NaN,NaN,65784,106115.65,46.19941541233981,-1.9067435714284318,0,47.79058846860271,1.1289347348800085,-60.79544468168129,-1.202842977436022,-1.135716432294118,0.33693693693693694
2020-04-20T21:00:00Z,107.626,107.896,107.282,107.766,NaN,NaN,NaN,84443,100891.05,47.18897572565572,-1.8193853571427185,0,51.02457173040854,1.0921536823885796,-43.90512095505089,-1.2872113632874151,-1.202842977436022,0.2923951048951049
2020-04-21T21:00:00Z,107.766,107.938,107.516,107.746,NaN,NaN,NaN,61936,95154,47.05582140078787,-1.6315021428570065,0,52.70910815411038,1.0442855622179665,-39.32486514700518,-1.2137230958991312,-1.2872113632874151,2.4091954022988507
2020-04-22T21:00:00Z,107.746,108.044,107.348,107.613,NaN,NaN,NaN,76003,89276.25,46.123757400907586,-1.4737249999998658,0,52.88224598282336,1.01940802205954,-51.90182161767112,-0.9673081016116979,-1.2137230958991312,1.6550491510277032
2020-04-23T21:00:00Z,107.613,107.761,107.372,107.503,NaN,NaN,NaN,65453,85330.65,45.324130159861866,-1.4342964285712945,0,50.149443098378,0.9743788776267154,-62.80193236712553,-0.6912319863502367,-0.9673081016116979,1.6790909090909092
2020-04-26T21:00:00Z,107.503,107.624,106.994,107.259,NaN,NaN,NaN,66003,82689.75,43.52173135750077,-1.4388103571427235,0,45.77923663462036,0.9497803863676639,-90.97204908721547,-0.8519878471446253,-0.6912319863502367,3.65625
2020-04-27T21:00:00Z,107.259,107.34,106.56,106.868,NaN,NaN,NaN,69236,78650.35,40.72678694271641,-1.4980024999998651,0,45.71409471973021,0.9376532159128309,-133.74379685353193,-1.1892077134899506,-0.8519878471446253,2.7828863346104726
2020-04-28T21:00:00Z,106.868,106.892,106.36,106.707,NaN,NaN,NaN,66189,76197.95,39.59910611755857,-1.5911864285712944,0,48.574089693405135,0.9086779862047712,-146.52867944701362,-1.5926853483086587,-1.1892077134899506,7.130081300813008
2020-04-29T21:00:00Z,106.707,107.499,106.407,107.199,NaN,NaN,NaN,94465,75809.8,44.64338918926331,-1.5048032142855812,0,49.98174263217803,0.9217724157615732,-76.41952773622442,-1.5608183436759586,-1.5926853483086587,0.3625516291877008
2020-04-30T21:00:00Z,107.199,107.406,106.607,106.914,NaN,NaN,NaN,61610,74433.2,42.43273142796369,-1.3869792857141545,0,48.80242829614243,0.9130029574928898,-104.6579509559553,-1.3750011259783017,-1.5608183436759586,0.19437751004016066
2020-05-03T21:00:00Z,106.914,107.07,106.635,106.725,NaN,NaN,NaN,58734,72836.25,40.983379827526996,-1.2242257142855828,0,48.244662663295436,0.8788598891005398,-123.84398874142575,-1.307978680456574,-1.3750011259783017,0.9259501965923984
2020-05-04T21:00:00Z,106.725,106.895,106.416,106.55,NaN,NaN,NaN,55259,70789.25,39.63349695621226,-1.1179174999998658,0,47.568577947908985,0.8502984684505012,-136.00397755518233,-1.4854928564254068,-1.307978680456574,1.450622406639004
2020-05-05T21:00:00Z,106.55,106.62,105.988,106.102,NaN,NaN,NaN,65901,69852,36.334150131805636,-1.039944285714148,0,44.45913441467757,0.8347057207040371,-176.3602251406636,-1.8048280816439084,-1.4854928564254068,0.4872967479674797
2020-05-06T21:00:00Z,106.102,106.656,105.992,106.268,NaN,NaN,NaN,69977,68641.75,38.3810410168217,-0.9467610714284327,0,44.87131350332776,0.8225124549394632,-138.11762247985047,-2.1366144215677534,-1.8048280816439084,2.8884462151394423
2020-05-07T21:00:00Z,106.268,106.751,106.222,106.64,NaN,NaN,NaN,59111,70996.1,42.817825685808835,-0.7787817857141447,0,47.0405942464021,0.8015472795866453,-77.02848479542479,-1.9840610927481706,-2.1366144215677534,5.155601659751038
2020-05-10T21:00:00Z,106.64,107.769,106.506,107.656,NaN,NaN,NaN,71236,71533.05,52.81150810000042,-0.48738035714271244,0,52.00197774929557,0.8345081881875995,72.60842681745184,-1.148291345697323,-1.9840610927481706,0.5642398286937902
2020-05-11T21:00:00Z,107.656,107.692,107.124,107.152,NaN,NaN,NaN,62612,71256.1,48.301787900984536,-0.38947571428556627,0,48.76377980508914,0.8154718890313423,-1.108770373612516,-0.3440183689140679,-1.148291345697323,0.3013274336283186
2020-05-12T21:00:00Z,107.152,107.279,106.743,107.038,NaN,NaN,NaN,66365,70215.9,47.31754513567453,-0.3187864285712806,0,50.813073396263675,0.7955096112433894,-15.22823600010441,0.07720832971058553,-0.3440183689140679,0.14947856315179606
2020-05-13T21:00:00Z,107.038,107.367,106.778,107.236,NaN,NaN,NaN,61885,68646.25,49.25176135361398,-0.17713535714270656,0,54.54469116451593,0.7807589247260044,20.965170764744165,0.3404839610763704,0.07720832971058553,1.2035529237601776
2020-05-14T21:00:00Z,107.236,107.434,106.857,107.074,NaN,NaN,NaN,61762,67198.2,47.708397400924525,-0.10802178571413434,0,56.21427307701865,0.766204715817004,-1.372299872884443,0.5579724664841199,0.3404839610763704,1.2967893500391543
2020-05-17T21:00:00Z,107.074,107.506,107.07,107.314,NaN,NaN,NaN,58218,66819.9,50.19824160836107,0.003475714285865017,0,57.90838940888768,0.7426186646872185,43.57586161367199,0.8360024635453851,0.5579724664841199,8.128048780487806
2020-05-18T21:00:00Z,107.314,108.089,107.294,107.699,NaN,NaN,NaN,66603,65927.9,53.98343915802716,0.18662464285729263,0,55.62217687516649,0.7463601886381316,112.84890918049476,1.226677475835943,0.8360024635453851,0.6867469879518072
2020-05-19T21:00:00Z,107.699,107.984,107.336,107.548,NaN,NaN,NaN,54132,65537.7,52.30431693601731,0.33519428571443544,0,46.48060370774313,0.7393344608782648,89.94023678055838,1.6116467817919347,1.226677475835943,4.133448873483536
2020-05-20T21:00:00Z,107.548,107.85,107.51,107.608,NaN,NaN,NaN,54268,64450.95,52.930811714374606,0.5063510714287216,0,49.16739062225559,0.7108105708155309,100.95497953619535,1.989597029921579,1.6116467817919347,1.2198795180722892
2020-05-21T21:00:00Z,107.608,107.763,107.324,107.636,NaN,NaN,NaN,47198,63538.2,53.23949212309699,0.6657442857144342,0,51.074320051602214,0.6913955300429935,103.15404199725816,1.948925719753524,1.989597029921579,1.337837837837838
2020-05-24T21:00:00Z,107.636,107.783,107.569,107.716,NaN,NaN,NaN,28396,61657.85,54.16438630448281,0.7986267857144311,0,49.606932007636715,0.6572958493256367,107.21841414915238,2.106952565003266,1.948925719753524,1.337837837837838
2020-05-25T21:00:00Z,107.716,107.924,107.402,107.562,NaN,NaN,NaN,54690,60930.55,52.03090130346717,0.8508360714287144,0,49.131137912552695,0.6476318600880916,73.45752411154714,2.286884005087133,2.106952565003266,5.625
2020-05-26T21:00:00Z,107.562,107.948,107.366,107.722,NaN,NaN,NaN,75770,61409.6,54.05574241724017,0.8960728571429966,0,50.46505723491911,0.642943870081799,91.23431022633386,2.4122903365290753,2.286884005087133,4.054421768707483
2020-05-27T21:00:00Z,107.722,107.902,107.57,107.639,NaN,NaN,NaN,69102,60141.45,52.810391984175645,0.949385357142994,0,47.452445454051805,0.6207335936473853,70.4964422099887,2.6881080320908457,2.4122903365290753,0.7607142857142857
2020-05-28T21:00:00Z,107.639,107.894,107.084,107.821,NaN,NaN,NaN,85801,61351,55.245213912097704,0.9910582142858467,0,54.9190722947065,0.6342526226725722,90.10630605685894,1.6254855839717197,2.6881080320908457,1.0129163834126444
2020-05-31T21:00:00Z,107.821,107.856,107.379,107.591,NaN,NaN,NaN,63634,61596,51.620418597010485,0.9533839285715588,0,56.36487668383673,0.6230202924816736,49.95842128833668,1.012450185167028,1.6254855839717197,2.8104993597951347
2020-06-01T21:00:00Z,107.591,108.773,107.514,108.68,NaN,NaN,NaN,77577,62711.9,63.74865554955713,1.0484167857144173,0,63.627018364351514,0.6684474144472683,202.79709327822326,1.0061435736888846,1.012450185167028,2.848761408083442
2020-06-02T21:00:00Z,108.68,108.984,108.424,108.904,NaN,NaN,NaN,83740,63603.85,65.65584245630657,1.1005225000001309,0,65.21222231849535,0.6607011705581769,232.44992919279557,1.2605269254160723,1.0061435736888846,4.154782608695652
2020-06-03T21:00:00Z,108.904,109.198,108.618,109.157,NaN,NaN,NaN,89500,64580,67.72141661368013,1.1604053571429853,0,70.80719249008875,0.6549368012325927,247.1841021742859,1.622973714367672,1.2605269254160723,1.187592319054653
2020-06-04T21:00:00Z,109.157,109.85,109.042,109.59,NaN,NaN,NaN,79572,65603.05,70.94247503570755,1.2515257142858411,0,71.41478675383568,0.6658698868588356,233.28892178642423,2.026595767846692,1.622973714367672,5.58590308370044
2020-06-07T21:00:00Z,109.59,109.694,108.236,108.43,NaN,NaN,NaN,70802,65581.35,55.083916121582384,1.1946378571429859,0,61.63862884697397,0.7224506092260616,69.82563354165005,1.9406991462847254,2.026595767846692,4.156626506024097
2020-06-08T21:00:00Z,108.43,108.546,107.622,107.755,NaN,NaN,NaN,86507,66776.1,48.31567390767644,0.9622514285715582,0,54.072814577708606,0.7368469942813434,-16.38216719812115,1.3464875911553544,1.9406991462847254,0.2916123424598001
2020-06-09T21:00:00Z,107.755,107.874,106.987,107.122,NaN,NaN,NaN,88336,67874.65,42.98204518412205,0.6054678571429871,0,50.501498767582106,0.7475722089755331,-96.44695542999725,0.5837695324288602,1.3464875911553544,0.36576411197797154
2020-06-10T21:00:00Z,107.122,107.235,106.573,106.866,NaN,NaN,NaN,100362,69798.5,41.01030937551446,0.24714928571441547,0,44.5594008774606,0.7414599083344241,-124.10303871664073,-0.11966560920025465,0.5837695324288602,0.05100624566273421
2020-06-11T21:00:00Z,106.866,107.556,106.586,107.392,NaN,NaN,NaN,114674,72444.1,46.44633286222631,-0.009800714285584933,0,47.08013971423487,0.7577842005962508,-62.070261130924685,-0.675063443889068,-0.11966560920025465,3.618238021638331
2020-06-14T21:00:00Z,107.392,107.57,106.999,107.324,NaN,NaN,NaN,93232,74194.8,45.85799323124023,-0.24489571428558365,0,45.71465020973201,0.7444424719822328,-70.68257995800853,-1.0279221668758471,-0.675063443889068,2.1558164354322304
2020-06-15T21:00:00Z,107.324,107.642,107.212,107.324,NaN,NaN,NaN,95584,75643.85,45.857993231240236,-0.4264421428570162,0,42.457704728105874,0.7219822954120728,-67.14995921255678,-1.1993711316374696,-1.0279221668758471,4.351885098743267
2020-06-16T21:00:00Z,107.324,107.443,106.952,107.007,NaN,NaN,NaN,63983,76136.4,42.918699784604165,-0.6594589285712997,0,44.117300811671704,0.7054835600254962,-100.34537646033343,-1.3792613234667381,-1.1993711316374696,0.5096741344195519
2020-06-17T21:00:00Z,107.007,107.129,106.667,106.973,NaN,NaN,NaN,76158,77230.9,42.60328984482086,-0.8680860714284426,0,47.543585037817635,0.6880918771665324,-97.63874073943381,-1.7029958355029464,-1.3792613234667381,0.915863840719332
2020-06-18T21:00:00Z,106.973,107.058,106.768,106.89,NaN,NaN,NaN,61191,77930.55,41.79578495000559,-1.0633353571427306,0,51.55118047104579,0.6596567430832091,-99.08848688822329,-2.0580535697709736,-1.7029958355029464,0.555439330543933
2020-06-21T21:00:00Z,106.89,107.012,106.769,106.906,NaN,NaN,NaN,59068,79464.15,42.02391237851826,-1.2208621428570166,0,50.9920131037185,0.6298955471486938,-88.78686587999896,-2.450380657621672,-2.0580535697709736,1.1985185185185185
2020-06-22T21:00:00Z,106.906,107.222,106.074,106.526,NaN,NaN,NaN,85178,80988.55,38.194980350831365,-1.4135228571427332,0,42.84427290073076,0.6669030080666439,-116.46045719009014,-2.8563058875805165,-2.450380657621672,1.3202819107282693
2020-06-23T21:00:00Z,106.526,107.073,106.385,107.041,NaN,NaN,NaN,77215,81060.8,45.449198715136525,-1.468493214285592,0,47.653900760292,0.6684099360618828,-59.32605832731916,-2.8125908368831576,-2.8563058875805165,0.15138674884437597
2020-06-24T21:00:00Z,107.041,107.453,106.985,107.195,NaN,NaN,NaN,72301,81220.75,47.435995703018136,-1.4824560714284511,0,48.2410011958638,0.6540949406288915,-41.134772140914386,-1.8749684162659954,-2.8125908368831576,1.8155893536121672
2020-06-25T21:00:00Z,107.195,107.355,106.798,107.219,NaN,NaN,NaN,61705,80015.95,47.755347531806265,-1.4571896428570243,0,55.203583780341184,0.647159587726828,-36.03707328304028,-1.2034128637140111,-1.8749684162659954,0.250936329588015
2020-06-28T21:00:00Z,107.219,107.885,107.042,107.574,NaN,NaN,NaN,61779,79923.2,52.36539433384562,-1.3733178571427378,0,56.788225704459016,0.6611481886034835,-1.893530835766066,-0.44451204353015883,-1.2034128637140111,3.212078651685393
2020-06-29T21:00:00Z,107.574,107.986,107.522,107.933,NaN,NaN,NaN,70270,79557.85,56.54165372105701,-1.1237410714284475,0,61.09542910071121,0.647066175131806,38.93593044056854,0.24312686768590808,-0.44451204353015883,1.867816091954023
2020-06-30T21:00:00Z,107.933,108.165,107.363,107.463,NaN,NaN,NaN,61279,78434.8,50.32143060938191,-0.928691071428448,0,55.312461024633805,0.6581328769081061,-2.572490616706177,0.8483395209152629,0.24312686768590808,1.0930720783764871
2020-07-01T21:00:00Z,107.463,107.726,107.334,107.502,NaN,NaN,NaN,52390,76579.3,50.80505629284132,-0.6880571428570194,0,55.98092174158143,0.639123385700384,15.089348783421412,1.129503739402339,0.8483395209152629,1.8132701421800947
2020-07-02T21:00:00Z,107.502,107.57,107.437,107.504,NaN,NaN,NaN,29311,74066.25,50.83149117537572,-0.39407071428558854,0,51.875142355772944,0.6029717152932134,42.688971499432796,1.2319417796992016,1.129503739402339,1.8132701421800947
2020-07-05T21:00:00Z,107.504,107.773,107.258,107.386,NaN,NaN,NaN,43949,72723.6,49.15328184281428,-0.16372464285701738,0,49.97902821062002,0.5966880213436981,34.71298349353137,1.2520621201151614,1.2319417796992016,2.315673289183223
2020-07-06T21:00:00Z,107.386,107.792,107.247,107.522,NaN,NaN,NaN,49683,70882.4,51.15487625661133,0.045147500000127794,0,48.61541327482221,0.5929960198191484,74.28718542839837,1.1386401756668314,1.2520621201151614,0.3406445837063563
2020-07-07T21:00:00Z,107.522,107.71,107.202,107.26,NaN,NaN,NaN,36882,68309.7,47.292517156445165,0.13059714285727342,0,41.7115741701889,0.5869248755463518,5.157175757407123,0.9353835238601728,1.1386401756668314,1.4502875924404273
2020-07-08T21:00:00Z,107.26,107.398,107.098,107.206,NaN,NaN,NaN,60773,66330.25,46.51301511714432,0.16974428571442046,0,37.26276533434015,0.566430241578755,-14.54787554262979,0.37226742189387463,0.9353835238601728,0.3779418550992155
2020-07-09T21:00:00Z,107.206,107.266,106.638,106.924,NaN,NaN,NaN,47651,62979.1,42.56717331668965,0.19345250000013792,0,41.10453957961861,0.5708280814659867,-84.25416241922679,-0.23008598008361003,0.37226742189387463,3.1195054945054945
2020-07-12T21:00:00Z,106.924,107.32,106.788,107.293,NaN,NaN,NaN,47148,60674.9,48.69979555580057,0.2732250000001417,0,47.676558383029146,0.5680546470755589,16.57775954049456,-0.6789899435789413,-0.23008598008361003,0.6050510478237506
2020-07-13T21:00:00Z,107.293,107.433,107.12,107.238,NaN,NaN,NaN,55729,58682.15,47.879154015436654,0.33207928571442547,0,45.52921060416734,0.5498364579987334,2.7568922306481674,-0.650957129118221,-0.6789899435789413,2.0962732919254656
2020-07-14T21:00:00Z,107.238,107.309,106.668,106.932,NaN,NaN,NaN,56245,58295.25,43.48836233409723,0.29295392857156843,0,46.556780087373916,0.5563481395702518,-80.15628213029767,-0.861189367840095,-0.650957129118221,5.149590163934426
2020-07-15T21:00:00Z,106.932,107.404,106.836,107.274,NaN,NaN,NaN,54209,57197.8,49.105983561995984,0.3029903571429985,0,49.66327140348631,0.5571804153152337,9.95540210049415,-0.9313853539427052,-0.861189367840095,0.8463930348258707
2020-07-16T21:00:00Z,107.274,107.364,106.94,107.038,NaN,NaN,NaN,43148,56295.65,45.72792890341598,0.2458964285715678,0,50.25863865306134,0.5476675285070032,-62.059741417671006,-0.8982254920348665,-0.9313853539427052,1.2791056283731688
2020-07-19T21:00:00Z,107.038,107.544,107.018,107.272,NaN,NaN,NaN,52239,55954.2,49.44168507761713,0.22051071428585323,0,50.16552734594833,0.5461198478993599,2.220077220155481,-0.6229928727859508,-0.8982254920348665,0.8346699568167798
2020-07-20T21:00:00Z,107.272,107.368,106.68,106.804,NaN,NaN,NaN,57733,54581.95,43.09077484506886,0.05317678571442275,0,47.290201414821034,0.5562541444779762,-162.81062553551504,-0.6220074643553628,-0.6229928727859508,3.3560057887120114
2020-07-21T21:00:00Z,106.804,107.29,106.712,107.158,NaN,NaN,NaN,65209,53981.65,48.48150923975837,-0.01925107142843635,0,46.705096662403434,0.5578074198724067,-44.55097811954565,-0.7749639815576921,-0.6220074643553628,1.368839427662957
2020-07-22T21:00:00Z,107.158,107.23,106.711,106.866,NaN,NaN,NaN,53784,53055.8,44.71864803190147,-0.13613107142843978,0,45.35934415803594,0.5550354613100923,-131.5677619747406,-1.1129994254732023,-0.7749639815576921,0.961892247043364
2020-07-23T21:00:00Z,106.866,106.912,105.682,106.138,NaN,NaN,NaN,74440,53692.55,37.00682424480277,-0.3367499999998734,0,44.42587836090919,0.6032472140736574,-270.90254706523086,-1.519497941404457,-1.1129994254732023,0.5703664365374402
2020-07-26T21:00:00Z,106.138,106.138,105.117,105.379,NaN,NaN,NaN,85762,54891.7,31.003703401331165,-0.6010514285713014,0,39.34898183354976,0.633086698782682,-315.0744960559792,-1.946471216094699,-1.519497941404457,1.477796052631579
2020-07-27T21:00:00Z,105.379,105.688,104.956,105.094,NaN,NaN,NaN,81502,55453.3,29.095152803116605,-0.8414303571427323,0,38.277709115102034,0.640151934583919,-270.7276171434209,-2.3753363762409303,-1.946471216094699,0.9244791666666666
2020-07-28T21:00:00Z,105.094,105.244,104.772,104.92,NaN,NaN,NaN,83752,56576.95,27.963355987241698,-1.0935482142855937,0,37.173179915460345,0.6281410821136386,-218.57081728704577,-2.799900810037763,-2.3753363762409303,3.7869634340222578
2020-07-29T21:00:00Z,104.92,105.294,104.68,104.728,NaN,NaN,NaN,86654,58290.15,26.727840047303857,-1.336441071428454,0,35.636719296439004,0.6271310048198065,-181.66551326407574,-3.2189423204949223,-2.799900810037763,0.5984
2020-07-30T21:00:00Z,104.728,106.056,104.188,105.896,NaN,NaN,NaN,119242,62786.7,43.17599529164341,-1.3005303571427396,0,45.83172283536749,0.7157645044755343,-63.667135067267864,-3.2111011322723755,-3.2189423204949223,0.7673590504451039
2020-08-02T21:00:00Z,105.896,106.472,105.581,105.952,NaN,NaN,NaN,105027,65840.6,43.82707640551985,-1.2234724999998852,0,45.89561103404911,0.728281325584424,-51.27672735606704,-2.3097580207464277,-3.2111011322723755,1.7849860982391104
2020-08-03T21:00:00Z,105.952,106.196,105.64,105.718,NaN,NaN,NaN,73273,67020.1,41.678137460507145,-1.1479271428570277,0,44.72338385341662,0.7159755166141079,-62.86006913324827,-1.6110097991406676,-2.3097580207464277,1.7088607594936709
2020-08-04T21:00:00Z,105.718,105.872,105.322,105.596,NaN,NaN,NaN,81471,69249.55,40.56146985665581,-1.0943042857141694,0,46.42972004859432,0.7041201225702428,-65.2551752580555,-1.124625792702981,-1.6110097991406676,2.167199148029819
2020-08-05T21:00:00Z,105.596,105.698,105.302,105.55,NaN,NaN,NaN,83100,70365.9,40.124941251194166,-1.0391753571427405,0,49.718905981853865,0.6821115423866531,-62.2104287759873,-0.7766589533217179,-1.124625792702981,1.0074576271186442
2020-08-06T21:00:00Z,105.55,106.058,105.482,105.926,NaN,NaN,NaN,79853,71976,45.30638022340026,-0.9288310714284534,0,52.670627088282124,0.6745321465018926,-26.968269579149844,-0.36263312613114396,-0.7766589533217179,1.7676579925650557
2020-08-09T21:00:00Z,105.926,106.204,105.708,105.96,NaN,NaN,NaN,57310,72484.1,45.76343929397025,-0.7708121428570223,0,56.41856721172234,0.6617798503231856,-19.607571047935267,0.13089848014400163,-0.36263312613114396,2.536556603773585
2020-08-10T21:00:00Z,105.96,106.686,105.93,106.492,NaN,NaN,NaN,81365,73765.9,52.4581138708725,-0.5132999999998761,0,50.69766743057842,0.6685098610143866,35.230412418168775,0.6592757297070091,0.13089848014400163,1.073018080667594
2020-08-11T21:00:00Z,106.492,107.016,106.443,106.894,NaN,NaN,NaN,82769,75092.1,56.79765450303043,-0.21747357142844548,0,55.18582006921503,0.661687728084788,75.28277396628249,1.1716440179787775,0.6592757297070091,1.6925858951175408
2020-08-12T21:00:00Z,106.894,107.05,106.568,106.93,NaN,NaN,NaN,73881,76075.7,57.17464418391871,0.10387535714298612,0,61.09225286208944,0.6488528903644459,82.86973797008159,1.6577940367807562,1.1716440179787775,0.755698421975453
2020-08-13T21:00:00Z,106.93,107.041,106.436,106.595,NaN,NaN,NaN,58954,76866,52.57690682548651,0.3290300000001305,0,59.09461040015732,0.645720541052699,53.008686830289925,1.9977054598022954,1.6577940367807562,1.0889202540578686
2020-08-16T21:00:00Z,106.595,106.656,105.945,106.004,NaN,NaN,NaN,61292,77318.65,45.608773675282,0.4701075000001358,0,53.50875277214033,0.6503833595489358,-3.074921648597314,1.7330387210871274,1.9977054598022954,1.050580997949419
2020-08-17T21:00:00Z,106.004,106.067,105.284,105.41,NaN,NaN,NaN,74868,78175.4,39.88693370453673,0.45540428571442226,0,47.2053218820703,0.659855976724011,-68.0062778827951,1.0460770382094187,1.7330387210871274,0.6752664049355019
2020-08-18T21:00:00Z,105.41,106.152,105.104,106.122,NaN,NaN,NaN,90223,79426.1,48.26510301858437,0.608831428571567,0,55.6505512754269,0.6875805498151532,29.13383140589556,0.30884927640501625,1.0460770382094187,0.6860530773574252
2020-08-19T21:00:00Z,106.122,106.218,105.745,105.802,NaN,NaN,NaN,90749,81274.35,45.214980613879035,0.6806292857144252,0,48.43267929135175,0.6722533676854993,-7.895068174540863,-0.1265413122215921,0.30884927640501625,0.6935211267605634
2020-08-20T21:00:00Z,105.802,106.074,105.442,105.81,NaN,NaN,NaN,76829,81393.8,45.30803401642483,0.7016125000001388,0,47.582373666746925,0.6693781271365353,-4.396774684274641,-0.5364876719839496,-0.1265413122215921,0.5390180878552971
2020-08-23T21:00:00Z,105.81,106.001,105.69,105.983,NaN,NaN,NaN,58725,80041.95,47.38910515609112,0.6811757142858541,0,48.99389390565931,0.6437796894839262,18.105661397150385,-0.8226068738952155,-0.5364876719839496,2.3849607182940518
2020-08-24T21:00:00Z,105.983,106.577,105.872,106.392,NaN,NaN,NaN,67117,79322.7,52.0357837329175,0.6885385714287092,0,53.40378487266668,0.6481525688065027,76.63989290499565,-0.7588315952240886,-0.8226068738952155,0.9953302201467645
2020-08-25T21:00:00Z,106.392,106.556,105.957,105.99,NaN,NaN,NaN,67380,78504.1,47.586986841580455,0.5865435714287054,0,52.618476732912434,0.64464167103461,0.4736193994960037,-0.561778014696565,-0.7588315952240886,0.6552486187845303
2020-08-26T21:00:00Z,105.99,106.702,105.604,106.567,NaN,NaN,NaN,108192,79581,53.704982626268325,0.5471239285715588,0,61.527839956282754,0.6770244088178521,94.60055978391489,-0.21640416621738423,-0.561778014696565,1.3359436178543462
2020-08-27T21:00:00Z,106.567,106.948,105.203,105.367,NaN,NaN,NaN,119783,79608.05,42.574586908966765,0.3428064285715592,0,45.48406243310855,0.7533083796165763,-126.3002853723437,0.07695880557122095,-0.21640416621738423,2.0811921891058582
2020-08-30T21:00:00Z,105.367,106.097,105.294,105.91,NaN,NaN,NaN,92119,78962.65,47.84225164465935,0.2528660714286989,0,49.65030800443102,0.7568577810725349,-25.8363818063076,-0.09883489613505735,0.07695880557122095,0.44497837578087457
2020-08-31T21:00:00Z,105.91,106.154,105.592,105.958,NaN,NaN,NaN,94416,80019.8,48.29377778452064,0.1515800000001255,0,49.88750554497102,0.7429393681387823,-19.690101453722736,-0.26531360328893994,-0.09883489613505735,1.6492932862190812
2020-09-01T21:00:00Z,105.958,106.302,105.851,106.182,NaN,NaN,NaN,75591,79725.8,50.44955123684021,0.0799717857144096,0,49.70905748077293,0.7220865561288698,17.421332402177782,-0.15687034808321523,-0.26531360328893994,1.809746954076851
2020-09-02T21:00:00Z,106.182,106.552,106.004,106.195,NaN,NaN,NaN,82243,79682.95,50.57833399134457,-0.0015346428570209292,0,47.529619921941894,0.7096518021196649,14.465563552162049,0.246297670487991,-0.15687034808321523,0.2358490566037736
2020-09-03T21:00:00Z,106.195,106.504,106.058,106.241,NaN,NaN,NaN,72856,79333.1,51.06300448701383,-0.0447446428570234,0,50.603931230045205,0.6908195305396888,20.829458806078577,0.7276329306186591,0.246297670487991,0.7160775370581528
2020-09-06T21:00:00Z,106.241,106.386,106.133,106.272,NaN,NaN,NaN,41698,78552.5,51.40884429033904,-0.08060928571416826,0,46.72816047228217,0.6595467069297111,24.193212575522328,1.1704341627382926,0.7276329306186591,0.7160775370581528
2020-09-07T21:00:00Z,106.272,106.382,105.862,106.032,NaN,NaN,NaN,70857,78027.1,48.54831707413054,-0.1069099999998846,0,53.28104319991412,0.649579085006161,-21.86930486847755,1.2754647753172936,1.1704341627382926,0.26677782409337225
2020-09-08T21:00:00Z,106.032,106.274,105.79,106.18,NaN,NaN,NaN,72251,77501.2,50.3818306809976,-0.05404964285702912,0,53.00711045673497,0.6377520075057206,20.431300061672637,1.1225221496516251,1.2754647753172936,3.0145310435931307
2020-09-09T21:00:00Z,106.18,106.304,105.984,106.134,NaN,NaN,NaN,67920,77203.15,49.78796297380013,0.010293928571542016,0,51.27718007544535,0.6150554355410268,22.164427105980113,1.080504276415469,1.1225221496516251,0.5250886974151039
2020-09-10T21:00:00Z,106.134,106.266,106.057,106.168,NaN,NaN,NaN,54725,76991.7,50.25470142083481,0.06729000000011351,0,49.06408033627808,0.5860514758595252,42.05079213445876,1.0329545861316287,1.080504276415469,0.9347545219638242
2020-09-13T21:00:00Z,106.168,106.168,105.546,105.732,NaN,NaN,NaN,51483,76501.25,44.5374960981057,-0.00011999999988338006,0,47.182122348934016,0.5886192275838449,-86.44649383314542,0.4922328708121883,1.0329545861316287,4.174061433447099
2020-09-14T21:00:00Z,105.732,105.815,105.3,105.447,NaN,NaN,NaN,60468,75781.25,41.235184227704444,-0.16899285714274054,0,46.224946274326165,0.583360711327856,-173.42707769956843,-0.11504946912696903,0.4922328708121883,1.2946969696969697
2020-09-15T21:00:00Z,105.447,105.452,104.804,104.954,NaN,NaN,NaN,79181,75229.15,36.23073613426328,-0.3328035714284543,0,41.0328765516159,0.587977803375866,-245.60636955034244,-0.693248950209962,-0.11504946912696903,1.7883548983364141
2020-09-16T21:00:00Z,104.954,105.175,104.526,104.744,NaN,NaN,NaN,78065,74594.95,34.32003387751229,-0.5243471428570263,0,42.92463010808599,0.5923365317061613,-227.43678798305794,-1.2268402415486377,-0.693248950209962,0.6796875
2020-09-17T21:00:00Z,104.744,104.871,104.274,104.572,NaN,NaN,NaN,60295,73768.25,32.794537420264675,-0.7123971428570252,0,39.66208768743866,0.5926696365842922,-198.75679875672077,-1.7214738974967625,-1.2268402415486377,0.5796574987026466
2020-09-20T21:00:00Z,104.572,104.907,104.002,104.644,NaN,NaN,NaN,79852,74824.6,34.11473974811868,-0.8347253571427389,0,44.111018545331504,0.6149789482568429,-151.14964816154108,-2.1867038079094403,-1.7214738974967625,0.19681057954103462
2020-09-21T21:00:00Z,104.644,105.078,104.406,104.934,NaN,NaN,NaN,67897,74863.6,39.28795957412896,-0.8412796428570257,0,47.28341071260295,0.6190518805242109,-97.45957995123968,-2.193561704526494,-2.1867038079094403,1.2853932584269663
2020-09-22T21:00:00Z,104.934,105.496,104.874,105.395,NaN,NaN,NaN,74719,75230.55,46.481814259254,-0.7841239285713152,0,52.848799563700325,0.6192624604867673,-35.39604266307817,-1.7652044104957623,-2.193561704526494,0.13093048915042296
2020-09-23T21:00:00Z,105.395,105.532,105.206,105.408,NaN,NaN,NaN,75052,73573.55,46.67370558716932,-0.6607853571427459,0,55.4745770357066,0.5983151418805691,-27.91137539145136,-1.1821384573470224,-1.7652044104957623,1.075085324232082
2020-09-24T21:00:00Z,105.408,105.7,105.24,105.584,NaN,NaN,NaN,62780,70723.4,49.322934136080654,-0.6166889285713171,0,60.24937572632846,0.5884354888891005,-6.671043295439362,-0.508131862292012,-1.1821384573470224,2.4919354838709675
2020-09-27T21:00:00Z,105.584,105.698,105.264,105.515,NaN,NaN,NaN,61337,69184.3,48.30964594514081,-0.5409728571427457,0,62.821931657346845,0.5774043825398788,-13.411471489643588,0.15236846034533652,-0.508131862292012,5.757709251101321
2020-09-28T21:00:00Z,105.515,105.736,105.344,105.666,NaN,NaN,NaN,71113,68019.15,50.69675427243118,-0.43484642857131717,0,65.51333144305701,0.5641612123584596,9.168835675895403,0.751163122962984,0.15236846034533652,0.6278944534194938
2020-09-29T21:00:00Z,105.666,105.804,105.402,105.548,NaN,NaN,NaN,85773,68528.25,48.80016346588618,-0.3316053571427447,0,63.07582465765285,0.5525782686185697,-2.985734822479667,1.29184395764588,0.751163122962984,1.1792857142857143
2020-09-30T21:00:00Z,105.548,105.73,105.404,105.529,NaN,NaN,NaN,81460,68489.1,48.48563291792109,-0.22728428571417603,0,59.628340125922946,0.5363941065743868,-0.9427609427269386,1.7293734654058328,1.29184395764588,2.1663201663201663
2020-10-01T21:00:00Z,105.529,105.667,104.944,105.32,NaN,NaN,NaN,90940,69393.3,45.04627180714449,-0.14879249999988794,0,56.07842504827933,0.5497230989619305,-28.276537505295458,1.6131810507926154,1.7293734654058328,1.4495560936238903
2020-10-04T21:00:00Z,105.32,105.796,105.297,105.743,NaN,NaN,NaN,63805,70498.65,52.40502995458259,0.015416071428682954,0,60.18301569406278,0.5461000204646504,49.95481719888256,1.6096376866679407,1.6131810507926154,2.883544303797468
2020-10-05T21:00:00Z,105.743,105.785,105.47,105.63,NaN,NaN,NaN,71003,70505.95,50.461073151487525,0.13756000000011026,0,58.90551066072744,0.5295928761457467,35.0636246426756,1.8401651202675202,1.6096376866679407,0.6628415300546449
2020-10-06T21:00:00Z,105.63,106.108,105.6,105.966,NaN,NaN,NaN,65879,70187.35,55.72075376642725,0.3338935714286817,0,61.969029999565855,0.5280505278496227,102.30122719356689,2.1760526069163633,1.8401651202675202,2.831234256926952
2020-10-07T21:00:00Z,105.966,106.109,105.924,106.032,NaN,NaN,NaN,52354,69409.05,56.69340284665802,0.5340410714286834,0,60.465261291624316,0.5035469187175059,117.28753801750243,2.5574424244328076,2.1760526069163633,3.3238636363636362
2020-10-08T21:00:00Z,106.032,106.042,105.58,105.62,NaN,NaN,NaN,62386,69792.1,49.39867307623059,0.6618092857143992,0,56.13090561941512,0.5005792816662556,45.56826212329159,2.233375134781798,2.5574424244328076,1.1079187105816397
2020-10-11T21:00:00Z,105.62,105.814,105.242,105.343,NaN,NaN,NaN,58331,70134.5,45.18874922472509,0.6963185714286881,0,51.41399521240471,0.5056807615472365,-7.774847204073046,1.5092899133478024,2.233375134781798,1.615979381443299
2020-10-12T21:00:00Z,105.343,105.628,105.282,105.482,NaN,NaN,NaN,63727,70297.45,47.60195180892154,0.7219217857144058,0,50.90711635521548,0.4942749928652913,21.21878775413852,0.8138032603411655,1.5092899133478024,0.5311244979919679
2020-10-13T21:00:00Z,105.482,105.516,105.038,105.164,NaN,NaN,NaN,59465,69311.65,42.94372350281991,0.6365896428572627,0,43.91754746993331,0.493112493374914,-50.275971967139995,0.10788754101663889,0.8138032603411655,0.6802646085997794
2020-10-14T21:00:00Z,105.164,105.494,105.064,105.446,NaN,NaN,NaN,64453,68631.05,47.82018928137341,0.5760050000001211,0,47.735704008684586,0.4886044581338492,4.791887928043771,-0.5262273381405261,0.10788754101663889,1.3211009174311927
2020-10-15T21:00:00Z,105.446,105.453,105.191,105.406,NaN,NaN,NaN,60377,68635.15,47.203913183505435,0.4779478571429828,0,47.313552791564334,0.47241842541000284,-19.37849835930705,-1.0214684703123866,-0.5262273381405261,0.7481353987378083
2020-10-18T21:00:00Z,105.406,105.502,105.302,105.441,NaN,NaN,NaN,53424,67313.75,47.83736889879129,0.36266821428584056,0,47.309379826946724,0.4529599664521447,-25.796603701496537,-1.2813885222221115,-1.0214684703123866,0.45793499043977054
2020-10-19T21:00:00Z,105.441,105.748,105.353,105.502,NaN,NaN,NaN,57794,66808.6,48.98618057021411,0.2520896428572665,0,50.24347383198044,0.44881996884842085,-15.628488501799655,-1.2164861548425556,-1.2813885222221115,2.247323340471092
2020-10-20T21:00:00Z,105.502,105.527,104.342,104.591,NaN,NaN,NaN,70415,66593.4,36.17321443861747,0.03910535714298119,0,45.84217709596273,0.5014042567878195,-322.8888175951385,-1.4338907967441628,-1.2164861548425556,0.5647425897035881
2020-10-21T21:00:00Z,104.591,104.924,104.476,104.846,NaN,NaN,NaN,55358,65608.7,40.837937764229416,-0.11132999999987392,0,48.77480068710001,0.49758966701726154,-189.33381981806022,-1.7735179181736709,-1.4338907967441628,2.2690246516613075
2020-10-22T21:00:00Z,104.846,104.938,104.548,104.709,NaN,NaN,NaN,52315,65085.45,39.18115626911776,-0.2510471428570159,0,49.116291398926414,0.4899046908017429,-183.88457611762684,-2.0501591679314153,-1.7735179181736709,1.75
2020-10-25T21:00:00Z,104.709,105.056,104.656,104.834,NaN,NaN,NaN,56755,64856.35,41.512666798509166,-0.3596639285713023,0,45.90138250219163,0.48348292717304636,-126.74245269054555,-2.020771391335456,-2.0501591679314153,0.17684630738522955
2020-10-26T21:00:00Z,104.834,104.89,104.389,104.416,NaN,NaN,NaN,48285,63714.95,36.47687466590901,-0.5165124999998759,0,39.46758747358863,0.48473414666068626,-177.91817791810462,-2.228347273703566,-2.020771391335456,0.4597315436241611
2020-10-27T21:00:00Z,104.416,104.558,104.113,104.314,NaN,NaN,NaN,68340,62843.3,35.349976016896534,-0.6706078571427332,0,39.00834157698889,0.48189599332778066,-159.06567490622433,-2.546609697457872,-2.228347273703566,0.12495472654835205
2020-10-28T21:00:00Z,104.314,104.728,104.025,104.604,NaN,NaN,NaN,71994,62370,40.93682034342955,-0.7472117857141658,0,45.44093229909827,0.4976891366615098,-95.89477941629461,-2.7751369086151367,-2.546609697457872,1.6789473684210525
2020-10-29T21:00:00Z,104.604,104.744,104.126,104.62,NaN,NaN,NaN,71785,61412.25,41.23853552193277,-0.823602499999881,0,54.99943985266764,0.5062827697571158,-82.468287738372,-2.7750763443456616,-2.7751369086151367,0.6970702045328911
2020-11-01T22:00:00Z,104.62,104.95,104.534,104.695,NaN,NaN,NaN,52044,60824.2,42.7157432871557,-0.830551071428456,0,51.273741308848535,0.4998340004887502,-63.923942110161995,-1.9020586420700787,-2.7750763443456616,2.919745222929936
2020-11-02T22:00:00Z,104.695,104.802,104.433,104.531,NaN,NaN,NaN,77477,61147.9,40.32833586134806,-0.8594735714284579,0,50.382661590493136,0.49048871473955374,-78.92952463388278,-1.2492013091646343,-1.9020586420700787,4.087458745874588
2020-11-03T22:00:00Z,104.531,105.346,104.15,104.512,NaN,NaN,NaN,167942,66251.05,40.0490651496554,-0.8385549999998894,0,45.55521224562348,0.5408823779724427,-74.97226907352949,-0.6256039238585452,-1.2492013091646343,1.2883480825958702
2020-11-04T22:00:00Z,104.512,104.548,103.442,103.504,NaN,NaN,NaN,111695,69218.1,28.695720185276997,-0.9380032142856018,0,40.415417375799926,0.5812479224029831,-209.66758157973558,-0.6563847418614859,-0.6256039238585452,3.638719512195122
2020-11-05T22:00:00Z,103.504,103.76,103.177,103.37,NaN,NaN,NaN,111245,71661.05,27.576539596936428,-1.036978214285602,0,39.16942248828186,0.5813730708027699,-203.92070967033195,-0.9487991578417856,-0.6563847418614859,0.6756311745334797
2020-11-08T22:00:00Z,103.37,105.648,103.19,105.368,NaN,NaN,NaN,138596,75674.3,55.4663949632044,-0.7637871428570329,0,51.2171393712481,0.7154178514597148,87.38694473261317,-0.6867819180280753,-0.9487991578417856,3.633677991137371
2020-11-09T22:00:00Z,105.368,105.488,104.822,105.302,NaN,NaN,NaN,106965,77836.2,54.71680994974298,-0.49716892857131667,0,52.39201990016529,0.7118880049268778,80.83626285739321,-0.15125566416825095,-0.6867819180280753,1.973862536302033
2020-11-10T22:00:00Z,105.302,105.678,105.006,105.432,NaN,NaN,NaN,66100,78167.95,55.97874633324344,-0.24608928571417588,0,53.34988059524785,0.7090388617178148,95.05904724863937,0.418099330961121,-0.15125566416825095,1.036740146960588
2020-11-11T22:00:00Z,105.432,105.479,105.07,105.134,NaN,NaN,NaN,67868,78338.7,52.37555999166922,-0.034950357142750854,0,52.32499251678478,0.687607514452257,56.470042601291325,0.9220016737554307,0.418099330961121,0.3392857142857143
2020-11-12T22:00:00Z,105.134,105.156,104.565,104.64,NaN,NaN,NaN,64487,78544.2,46.977376059417104,0.07734928571439204,0,51.90117789966839,0.6807069777056677,-12.683361698645271,1.1096617311073094,0.9220016737554307,4.429577464788732
2020-11-15T22:00:00Z,104.64,105.138,104.364,104.583,NaN,NaN,NaN,75587,79652.35,46.383338921251706,0.17580071428581945,0,54.92701463993342,0.6873707650124058,-16.44474716309009,1.109774067910744,1.1096617311073094,4.490265486725663
2020-11-16T22:00:00Z,104.583,104.614,104.071,104.197,NaN,NaN,NaN,63753,79950.3,42.46705541975121,0.2054821428572452,0,54.079933920973005,0.6770585675115202,-79.1606783558084,0.8817719294898148,1.109774067910744,1.2716506291635825
2020-11-17T22:00:00Z,104.197,104.208,103.652,103.824,NaN,NaN,NaN,67176,79788.35,39.03704629786138,0.09808535714295885,0,41.12427343404547,0.6684115269749827,-127.6241679467006,0.48502436206765653,0.8817719294898148,0.6652221018418202
2020-11-18T22:00:00Z,103.824,104.218,103.718,103.749,NaN,NaN,NaN,69388,80489.85,38.36603905860398,0.007407857142957774,0,34.5460659208925,0.6563821321910553,-120.4775800934612,-0.04808506334697621,0.48502436206765653,1.5506644518272426
2020-11-19T22:00:00Z,103.749,103.912,103.704,103.859,NaN,NaN,NaN,52049,80476.55,39.99515750484412,-0.067234285714185,0,32.49758275906027,0.6243548370345523,-89.9273742200016,-0.5995583028628585,-0.04808506334697621,0.9142324425108763
2020-11-22T22:00:00Z,103.859,104.638,103.683,104.517,NaN,NaN,NaN,66521,80964.85,48.725854321740016,-0.004348928571327626,0,42.99235533797675,0.6479723486749414,8.78537824475823,-0.8848409576581457,-0.5995583028628585,3.3842917251051894
2020-11-23T22:00:00Z,104.517,104.763,104.146,104.447,NaN,NaN,NaN,72321,82166.65,47.92694193322532,-0.0011135714284709053,0,46.408344766551245,0.645760038055303,-1.977298798493613,-0.8562107339064129,-0.8848409576581457,3.1297509829619923
2020-11-24T22:00:00Z,104.447,104.6,104.256,104.458,NaN,NaN,NaN,65141,82006.7,48.07103023683738,-0.010238928571329076,0,50.53406919125416,0.624205749622781,-1.4317384075060438,-0.6346336867432026,-0.8562107339064129,0.818448883666275
2020-11-25T22:00:00Z,104.458,104.478,104.216,104.275,NaN,NaN,NaN,47197,80766.85,45.8004917181145,-0.030959285714184714,0,51.74768462374812,0.598333910364011,-26.75460617398741,-0.40675126125915106,-0.6346336867432026,0.818448883666275
2020-11-26T22:00:00Z,104.275,104.284,103.907,104.108,NaN,NaN,NaN,46331,79494.15,43.76878954575532,-0.08233178571418348,0,50.77347654711286,0.5825243453380108,-46.83348095656085,-0.29993292298725344,-0.40675126125915106,1.3211351755041076
2020-11-29T22:00:00Z,104.108,104.41,103.832,104.296,NaN,NaN,NaN,72252,80504.55,46.63853709113181,-0.08950107142846886,0,57.94653782647159,0.5822011778138673,-16.316964119066377,-0.22506443837429466,-0.29993292298725344,0.487022180273714
2020-11-30T22:00:00Z,104.296,104.579,104.182,104.339,NaN,NaN,NaN,68028,80032.1,47.30100355125721,-0.10551178571418303,0,55.21499485703438,0.5689725222557332,-8.521190261463651,0.09461413914576362,-0.22506443837429466,2.258835758835759
2020-12-01T22:00:00Z,104.339,104.754,104.226,104.414,NaN,NaN,NaN,69942,75132.1,48.50189812184891,-0.1121032142856121,0,48.51433143784919,0.5660459135231812,3.525567965992854,0.5533245828226918,0.09461413914576362,1.5723684210526316
2020-12-02T22:00:00Z,104.414,104.536,103.671,103.842,NaN,NaN,NaN,71436,73119.15,40.855268510980856,-0.31228035714275576,0,43.877616174994806,0.5873997768429537,-89.41046309464109,0.27282671554079335,0.5533245828226918,1.8920664206642066
2020-12-03T22:00:00Z,103.842,104.244,103.738,104.188,NaN,NaN,NaN,73368,71225.3,46.36377972915715,-0.45849321428561185,0,48.48171652462668,0.581585507068457,-45.1818717708334,-0.20930152929424492,0.27282671554079335,3.639586410635155
2020-12-06T22:00:00Z,104.188,104.313,103.922,104.056,NaN,NaN,NaN,66581,67624.55,44.655057980742214,-0.4575871428570394,0,48.983041571041426,0.5679722565635676,-62.64367816088225,-0.5111628830656615,-0.20930152929424492,0.7551704863051985
2020-12-07T22:00:00Z,104.056,104.208,103.956,104.168,NaN,NaN,NaN,64861,65519.35,46.458137026662065,-0.4193249999998942,0,50.835830853149865,0.5454028096661696,-34.860546801835554,-0.7629969838272901,-0.5111628830656615,1.8407239819004524
2020-12-08T22:00:00Z,104.168,104.407,104.052,104.225,NaN,NaN,NaN,56567,65042.7,47.39739650304504,-0.3287464285713234,0,48.52308769079014,0.5318026089757282,-11.17249846526051,-0.7221529868828014,-0.7629969838272901,1.103030303030303
2020-12-09T22:00:00Z,104.225,104.58,104.174,104.242,NaN,NaN,NaN,70807,65189.65,47.6921221685311,-0.23052999999989265,0,46.015409784919484,0.5228167083346041,6.879377691237002,-0.4003568569070109,-0.7221529868828014,1.2334519572953737
2020-12-10T22:00:00Z,104.242,104.285,103.824,104.056,NaN,NaN,NaN,61750,65052.8,44.738589930436625,-0.202292142857035,0,45.83036043892817,0.5184012291678466,-48.296840219498364,-0.47954242229083544,-0.4003568569070109,0.7896237172177879
2020-12-13T22:00:00Z,104.056,104.106,103.512,104.068,NaN,NaN,NaN,63629,64454.9,44.975348307962236,-0.14497607142846475,0,57.18321519426669,0.5238011413701428,-37.07890572001489,-0.8058204939409492,-0.47954242229083544,0.6829787234042554
2020-12-14T22:00:00Z,104.068,104.152,103.606,103.674,NaN,NaN,NaN,54908,64012.65,39.058403247505716,-0.1905903571427502,0,48.65782413708812,0.5253867741294187,-153.40324902314507,-1.083657197428987,-0.8058204939409492,2.981132075471698
2020-12-15T22:00:00Z,103.674,103.92,103.262,103.46,NaN,NaN,NaN,67796,64043.65,36.26751148651902,-0.2959889285713229,0,47.29446530157049,0.5348591474058889,-198.23785248556433,-1.4634068770124098,-1.083657197428987,0.9354640442532268
2020-12-16T22:00:00Z,103.46,103.562,102.874,103.095,NaN,NaN,NaN,66788,63913.65,32.05973886230363,-0.45385642857132213,0,42.83129353387477,0.5457977797340399,-254.49170761660812,-1.8789832876178745,-1.4634068770124098,1.9405204460966543
2020-12-17T22:00:00Z,103.095,103.596,103.09,103.308,NaN,NaN,NaN,60729,64347.65,36.67683128216752,-0.554544642857037,0,41.54546017021625,0.5429550811816084,-170.83673284371832,-2.055305985004026,-1.8789832876178745,0.8514619883040936
2020-12-20T22:00:00Z,103.308,103.892,103.252,103.343,NaN,NaN,NaN,88307,65436.95,37.42929493942746,-0.5761153571427484,0,39.574293112459586,0.5498868610972079,-133.491071609045,-1.8356879830423574,-2.055305985004026,0.6071608673726677
2020-12-21T22:00:00Z,103.343,103.734,103.281,103.647,NaN,NaN,NaN,65060,65073.9,43.688383639216255,-0.535006071428462,0,42.58317353139669,0.542966371018835,-62.48208655769713,-1.6316222351711271,-1.8356879830423574,0.7387238723872387
2020-12-22T22:00:00Z,103.647,103.654,103.356,103.584,NaN,NaN,NaN,64666,65050.15,42.734338995963746,-0.4973024999998912,0,41.070968728192575,0.5254687730889184,-65.72217976598552,-1.3843612474071276,-1.6316222351711271,2.1955420466058766
2020-12-23T22:00:00Z,103.584,103.768,103.502,103.675,NaN,NaN,NaN,40842,64732.4,44.61571164554423,-0.4532007142856031,0,43.9323502469471,0.5069352892968532,-42.33054946785834,-0.9563676753751962,-1.3843612474071276,1.599170124481328
2020-12-27T22:00:00Z,103.69,103.9,103.404,103.81,NaN,NaN,NaN,51712,65001.45,47.377733782719645,-0.39788499999988736,0,49.94644056994067,0.5061541972042215,-13.002721499804915,-0.5479525178591432,-0.9563676753751962,1.1828847481021394
2020-12-28T22:00:00Z,103.81,103.844,103.464,103.603,NaN,NaN,NaN,52233,64000.5,43.773038717684656,-0.3620560714284564,0,50.83573322723811,0.4971431831182054,-49.35146116576072,0.017323512827621124,-0.5479525178591432,0.5790533736153072
2020-12-29T22:00:00Z,103.603,103.638,102.962,103.164,NaN,NaN,NaN,60558,63627,37.292709814455655,-0.3960414285713125,0,48.53747271860326,0.5099186700383337,-126.2737875997068,-0.0073796212102812155,0.017323512827621124,2.283038501560874
2020-12-30T22:00:00Z,103.164,103.321,102.996,103.318,103.07047916666666,103.18558333333333,103.02308333333333,50261,62642.95,40.614061475663014,-0.3725010714284565,0,57.5085366248994,0.49671019360702434,-87.2911522303393,-0.3586269979358531,-0.0073796212102812155,1.4715066354410617
2021-01-03T22:00:00Z,103.318,103.318,102.714,103.126,103.15660416666667,103.21983333333333,102.99220833333334,75553,62848.8,37.91754992201594,-0.42600285714274,0,56.756747178656894,0.5043737512065226,-114.42181007395298,-0.8096739392900607,-0.3586269979358531,0.44171220400728595
2021-01-04T22:00:00Z,103.126,103.192,102.604,102.739,103.1268125,103.2015,102.872875,70139,62687.35,33.141273280272415,-0.507780714285596,0,50.254519552451335,0.5103470546917706,-170.33376931642977,-1.2801455201328604,-0.8096739392900607,2.6539792387543253
2021-01-05T22:00:00Z,102.739,103.444,102.593,103.048,103.14260416666667,103.26670833333334,102.84120833333334,98915,64304.05,39.67524119969437,-0.5396989285713111,0,50.765788448190214,0.5346794079280726,-98.75944904518683,-1.5005871752747266,-1.2801455201328604,1.7625215889464594
2021-01-06T22:00:00Z,103.048,103.959,102.951,103.809,103.13370833333333,103.27600000000001,102.76375,88822,65502.1,52.09267103883792,-0.413714285714166,0,55.34145458509787,0.5684880216474967,51.6590463098984,-1.071281930263059,-1.5005871752747266,1.6438698915763137
2021-01-07T22:00:00Z,103.809,104.094,103.605,103.934,103.12460416666667,103.59366666666666,102.593,101798,67763.65,53.77579316085763,-0.25759392857130925,0,57.83448368094106,0.5628103058155319,82.6970625282309,-0.41299794779313537,-1.071281930263059,1.1123822341857335
2021-01-10T22:00:00Z,103.934,104.398,103.892,104.264,103.1570625,103.79633333333334,102.593,68066,67626.6,57.97361774838997,-0.02789071428559109,0,61.911939618204926,0.5587524268287083,150.4276154303696,0.23123129323186753,-0.41299794779313537,0.6795755968169761
2021-01-11T22:00:00Z,104.264,104.334,103.722,103.752,103.1570625,103.87154166666666,102.593,69514,68014.8,50.33575101729372,0.07975107142869353,0,55.61302459741446,0.5625558249123727,49.85240708666534,0.725371836308544,0.23123129323186753,2.071844660194175
2021-01-12T22:00:00Z,103.752,103.998,103.526,103.884,103.90914583333333,104.32279166666666,103.11945833333334,66500,68158.35,52.0883067853065,0.2212482142858373,0,55.9757456300403,0.5560875517043466,82.544541114283,0.901038140760617,0.725371836308544,1.2647686832740213
2021-01-13T22:00:00Z,103.884,104.198,103.563,103.803,103.83393749999999,104.32279166666666,103.19466666666666,77626,69294.25,50.90130155516592,0.30237857142869506,0,56.47252924108857,0.5617241551540355,61.95123543432688,1.026137581354928,0.901038140760617,2.3493723849372383
2021-01-14T22:00:00Z,103.803,103.914,103.617,103.876,103.83393749999999,104.32279166666666,103.19466666666666,60617,68935.3,51.96374078092855,0.37002357142869535,0,58.40247120649446,0.542815286928747,70.81152657800887,1.0324072102942508,1.026137581354928,0.5035327366933584
2021-01-17T22:00:00Z,103.876,103.932,103.638,103.691,103.83393749999999,104.32279166666666,103.19466666666666,55565,68374.15,49.06607062183048,0.3615796428572685,0,51.087438838404466,0.5250427664338363,27.72196301472718,0.9869448307107154,1.0324072102942508,0.5035327366933584
2021-01-18T22:00:00Z,103.691,104.086,103.653,103.902,103.83393749999999,104.32279166666666,103.269875,60610,68368.2,52.331043627102865,0.39770214285726935,0,50.41327011504399,0.5184682831171331,70.52041931063944,0.8709017731526034,0.9869448307107154,1.724935732647815
2021-01-19T22:00:00Z,103.902,103.934,103.448,103.542,103.83393749999999,104.32279166666666,103.269875,57393,66822.5,46.816880448369254,0.3583771428572716,0,45.5075140735921,0.5161491200373381,-16.166253704453624,0.3467357408821583,0.8709017731526034,1.8594741613780599
2021-01-20T22:00:00Z,103.542,103.669,103.328,103.511,103.83393749999999,104.32279166666666,103.34508333333333,62560,66697.5,46.36383327007533,0.3385832142858424,0,50.133240191424086,0.5036384686060993,-21.746944644075608,-0.23758765000159537,0.3467357408821583,0.7188183807439825
2021-01-21T22:00:00Z,103.511,103.886,103.486,103.777,103.83393749999999,104.32279166666666,103.42029166666667,52330,66080.7,50.766411441960486,0.36026500000012907,0,49.53660751716494,0.49623572084852013,38.87050207737117,-0.49236225539873135,-0.23758765000159537,1.198753462603878
2021-01-24T22:00:00Z,103.777,103.938,103.673,103.738,103.75872916666667,104.32279166666666,103.49549999999999,51405,66608.85,50.116878752135776,0.3777792857144153,0,49.629335920131595,0.47971888364505444,28.721993439013936,-0.2850448852382749,-0.49236225539873135,0.7380952380952381
2021-01-25T22:00:00Z,103.738,103.829,103.556,103.618,103.75872916666667,104.24758333333332,103.49549999999999,47444,66395.45,48.078536487245735,0.3830060714287008,0,45.15305101767608,0.46495324909897884,3.11984508360995,-0.16336783125090107,-0.2850448852382749,0.7206915180983252
2021-01-26T22:00:00Z,103.618,104.201,103.587,104.11,103.75872916666667,104.24758333333332,103.49549999999999,59819,66774.75,55.98314928101535,0.45682535714298733,0,51.867616620075275,0.4755994455919082,107.4452358554317,0.2455527447901169,-0.16336783125090107,0.19822485207100593
2021-01-27T22:00:00Z,104.11,104.463,104.064,104.231,103.80070833333332,104.30716666666666,103.52799999999999,61327,66813.2,57.689192165519145,0.49316714285727287,0,50.09799996476429,0.47012805662105767,126.54540410260498,0.7293969456218061,0.2455527447901169,2.0699904122722916
2021-01-28T22:00:00Z,104.231,104.94,104.224,104.711,103.81539583333334,104.35325,103.473125,71507,67875.5,63.699825554118256,0.5945460714286971,0,55.6039898384686,0.4876903382909817,211.7844782786919,1.218342467983458,0.7293969456218061,0.3941510257529463
2021-01-31T22:00:00Z,104.711,105.036,104.609,104.924,103.76360416666668,104.32345833333333,103.30554166666667,41609,66178.3,66.00750267158922,0.6898421428572709,0,59.23459487956446,0.4833553141273406,221.89373408892436,1.6921166686731328,1.218342467983458,3.6956521739130435
2021-02-01T22:00:00Z,104.924,105.174,104.829,104.973,103.82972916666667,104.42120833333334,103.34579166666667,43255,64834.1,66.53456737740501,0.7217328571429846,0,56.24592093212702,0.4734727916896744,194.836758908511,2.1478103604635845,1.6921166686731328,3.172503242542153
2021-02-02T22:00:00Z,104.973,105.106,104.923,105.03,103.82972916666667,104.42120833333334,103.23825000000001,32838,61530.25,67.17222242860633,0.7446546428572695,0,58.46934612282748,0.45272473514041145,168.34842604578634,2.5879615077612605,2.1478103604635845,1.4233082706766917
2021-02-03T22:00:00Z,105.03,105.608,104.976,105.583,103.7864375,104.35175000000001,103.221125,36786,58928.45,72.62249462765296,0.8799435714287,0,65.13344206920986,0.465530111201811,203.5572703568585,3.016199882201116,2.5879615077612605,2.6017897091722597
2021-02-04T22:00:00Z,105.583,105.768,105.336,105.4,103.84977083333334,104.44508333333333,103.25445833333333,51305,56403.8,68.56560083564828,0.9654285714286999,0,58.468015782092884,0.4631351032588246,146.49839148730035,3.4357975459265524,3.016199882201116,2.1393762183235867
2021-02-07T22:00:00Z,105.4,105.672,105.15,105.223,103.84977083333334,104.44508333333333,103.12216666666667,44517,55226.35,64.79532595993243,1.0418728571429865,0,54.296672387804826,0.4673397387403365,106.62597524609288,3.2821005340851936,3.4357975459265524,2.6002227171492205
2021-02-08T22:00:00Z,105.223,105.265,104.498,104.602,103.84977083333334,104.44508333333333,103.12216666666667,55576,54529.45,53.649007710623025,0.9476178571429849,0,46.4186376777064,0.4887440431160265,32.86956715159555,2.334729121249714,3.2821005340851936,1.4366515837104072
2021-02-09T22:00:00Z,104.602,104.844,104.41,104.58,103.84977083333334,104.97425,103.38675,47333,53571.1,53.29920413208286,0.860690714285841,0,43.386585017416856,0.4848337543220244,26.729361714067103,1.2705759610250382,2.334729121249714,1.0241477272727273
2021-02-10T22:00:00Z,104.58,104.805,104.551,104.747,103.84977083333334,104.84195833333334,103.38675,43488,51864.2,55.66246969416585,0.7954717857144116,0,44.78487290711833,0.46834562901330873,40.59324672387009,0.40668353415133285,1.2705759610250382,0.8559225512528473
2021-02-11T22:00:00Z,104.747,105.182,104.738,104.926,103.84977083333334,104.84195833333334,103.38675,41780,50922.35,58.10942378884627,0.7651282142858393,0,44.64777421813792,0.4666066555123583,55.29005764964363,-0.044566571621210194,0.40668353415133285,1.3326149425287357
2021-02-14T22:00:00Z,104.926,105.42,104.905,105.388,103.84977083333334,104.97425,103.38675,32779,49783.05,63.68081935175992,0.7916753571429859,0,44.8468147170726,0.4700633229757613,99.49112057329013,-0.13342971392460026,-0.044566571621210194,1.3326149425287357
2021-02-15T22:00:00Z,105.388,106.078,105.182,106.047,103.82727083333333,104.48070833333334,102.593,54157,49460.4,69.84216935630405,0.9259814285715594,0,55.01393635034089,0.5004873713346355,157.4085670471438,0.19493391110339753,-0.13342971392460026,0.9183793305930711
2021-02-16T22:00:00Z,106.047,106.226,105.778,105.875,103.7283125,104.560875,102.593,62540,49717.75,66.66342797418574,0.9595150000001329,0,55.36067499604008,0.49673827338216103,127.75885558586093,0.6486559561736844,0.19493391110339753,0.8597807270628968
2021-02-17T22:00:00Z,105.875,105.925,105.598,105.715,103.7283125,104.560875,102.593,45589,48869.2,63.756475091205324,0.9269817857144182,0,58.98333931024378,0.48461411099772084,101.34338352505988,0.943433945061132,0.6486559561736844,0.5034802784222738
2021-02-18T22:00:00Z,105.715,105.742,105.24,105.429,103.7283125,104.560875,102.593,50045,48754.95,58.819064994953536,0.8437507142858494,0,58.10578602961973,0.48585596021217003,61.919307623810106,0.9608883446502682,0.943433945061132,1.9506398537477148
2021-02-21T22:00:00Z,105.429,105.846,104.984,105.081,103.7283125,104.71225,102.593,61576,49263.5,53.40011674854564,0.681473928571565,0,49.47080065413178,0.5127233916255871,10.175776375407741,0.8483107295618951,0.9608883446502682,0.8993015133876601
2021-02-22T22:00:00Z,105.081,105.43,104.922,105.251,103.7283125,104.71225,102.593,52694,49526,55.55429220878896,0.5309746428572808,0,51.43174240825492,0.5123860065094744,26.03542578604016,0.5795655169214168,0.8483107295618951,0.6782203828246249
2021-02-23T22:00:00Z,105.251,106.105,105.194,105.885,103.7283125,104.863625,102.593,70606,50065.35,62.513991356712395,0.5131300000001375,0,51.32558157147745,0.5408584346159406,117.62399365957793,0.5029771037116416,0.5795655169214168,1.9465579710144927
2021-02-24T22:00:00Z,105.885,106.406,105.845,106.214,103.7845625,104.97612500000001,102.593,103685,52183.25,65.53038742065259,0.5366950000001393,0,47.995763035810185,0.5422971178576597,154.90157088890192,0.7624766628349622,0.5029771037116416,0.165686994856723
2021-02-25T22:00:00Z,106.214,106.694,105.85,106.568,103.7036875,105.66875,103.44737500000001,127008,54958.3,68.4702791569799,0.623798928571568,0,55.481327117959076,0.5638473237249703,181.88662028064044,1.1485763156366553,0.7624766628349622,0.777176852352623