time,open,high,low,close,Developing Poc,Developing VA High,Developing VA Low,Volume,Volume MA,RSI,Plot,Plot.1,Oscillator,ATR,CCI,Fisher,Trigger,Plot.2,time(hour),time(minute),time(weekday),y_rate_30m,y_rate_2h,y_rate_4h
2021-02-04 21:00:00+00:00,144.35,144.356,144.259,144.29,144.27718749999997,144.32366666666667,144.27112499999996,2224,7225.45,73.46950510935218,0.5773600000000134,0,67.58544402842361,0.1287903936319797,101.58730158730594,2.4294619715703467,2.320739227915696,2.5224043715846998,21,0,3,144.22,144.345,144.355
2021-02-04 21:30:00+00:00,144.29,144.326,144.20399999999995,144.22,144.28949999999998,144.30533333333332,144.27366666666666,2575,7065.2,68.0843614820036,0.4758760714285857,0,56.44855557384141,0.12830536551541072,77.52662587811093,2.185439861732277,2.4294619715703467,2.5224043715846998,21,30,3,144.21699999999996,144.345,144.36499999999995
2021-02-04 22:00:00+00:00,144.22,144.25699999999995,144.106,144.21699999999996,144.28829166666668,144.31433333333334,144.27266666666662,553,5749.8,67.85481073100149,0.3955528571428716,0,58.179430591977166,0.12992641083573725,65.97879591065116,1.6507150248082565,2.185439861732277,2.5224043715846998,22,0,3,144.194,144.37699999999995,144.332
2021-02-04 22:30:00+00:00,144.21699999999996,144.27100000000002,144.19199999999995,144.194,144.28829166666668,144.34558333333334,144.26225,1125,5326.4,66.01709215670175,0.3164457142857228,0,57.67035681384676,0.12628881006175655,42.769857433819226,1.2108089095952463,1.6507150248082565,2.5224043715846998,22,30,3,144.345,144.40499999999997,144.26999999999995
2021-02-04 23:00:00+00:00,144.194,144.386,144.194,144.345,144.28683333333333,144.351,144.26933333333332,3038,4891.95,71.47849903472584,0.2720996428571503,0,55.52227048460825,0.13098246648591733,124.552658486716,1.0444419582297293,1.2108089095952463,2.5224043715846998,23,0,3,144.345,144.355,144.30100000000002
2021-02-04 23:30:00+00:00,144.345,144.39,144.333,144.345,144.28941666666668,144.35449999999997,144.27166666666662,2433,4471.15,71.47849903472584,0.2361689285714374,0,52.76411792648778,0.12569800459406524,108.40181418116234,1.2257563603235897,1.0444419582297293,2.5224043715846998,23,30,3,144.37699999999995,144.36499999999995,144.295
2021-02-05 00:00:00+00:00,144.345,144.512,144.327,144.37699999999995,144.35129166666667,144.42741666666666,144.27516666666668,5947,4388.9,72.56226294017341,0.20049321428571945,0,48.22337705791504,0.12993386140877505,113.15409077767113,1.555504777876445,1.2257563603235897,2.5224043715846998,0,0,4,144.40499999999997,144.332,144.32899999999995
2021-02-05 00:30:00+00:00,144.37699999999995,144.43200000000002,144.327,144.40499999999997,144.35129166666667,144.44433333333333,144.309,5762,4153.3,73.5107358612812,0.1802185714285724,0,52.32850595715269,0.1281528713081475,114.6468810112592,1.669958222057085,1.555504777876445,2.5224043715846998,0,30,4,144.355,144.26999999999995,144.33999999999997
2021-02-05 01:00:00+00:00,144.40499999999997,144.40499999999997,144.332,144.355,144.38512500000004,144.44433333333333,144.32591666666667,5810,3967.7,68.92855252763543,0.15097964285713933,0,53.15204598831772,0.1242133805004212,79.18892999040547,1.638380516417242,1.669958222057085,2.5224043715846998,1,0,4,144.36499999999995,144.30100000000002,144.33499999999995
2021-02-05 01:30:00+00:00,144.355,144.404,144.332,144.36499999999995,144.3682083333333,144.42741666666666,144.32591666666667,5275,3784.35,69.34018151401857,0.11651142857142338,0,49.880273860674585,0.12048385332181985,77.60506620609334,1.5661984479724658,1.638380516417242,2.5224043715846998,1,30,4,144.332,144.295,144.351
2021-02-05 02:00:00+00:00,144.36499999999995,144.392,144.31599999999997,144.332,144.3682083333333,144.4105,144.32591666666667,3521,3695.4,66.2223840531468,0.08230785714284873,0,50.023284389816475,0.11730643522740572,52.859816496993325,1.4346499891738926,1.5661984479724658,2.5224043715846998,2,0,4,144.26999999999995,144.32899999999995,144.39899999999997
2021-02-05 02:30:00+00:00,144.332,144.33499999999995,144.26299999999995,144.26999999999995,144.3682083333333,144.4105,144.309,5093,3712.25,60.70014635915928,0.04191999999998797,0,39.29565863340796,0.11407026128259122,9.455548825607265,1.0166401914183436,1.4346499891738926,2.5224043715846998,2,30,4,144.30100000000002,144.33999999999997,144.36499999999995
2021-02-05 03:00:00+00:00,144.26999999999995,144.30100000000002,144.256,144.30100000000002,144.3682083333333,144.4105,144.29208333333332,3997,3635.1,62.38895473940927,0.01126392857141434,0,42.67920705541281,0.10913667119097667,24.93101151391677,0.3722458965634629,1.0166401914183436,2.5224043715846998,3,0,4,144.295,144.33499999999995,144.31099999999995
2021-02-05 03:30:00+00:00,144.30100000000002,144.32799999999997,144.27499999999995,144.295,144.3682083333333,144.39358333333334,144.29208333333332,3024,3571.6,61.83509636809463,-0.018373928571443376,0,45.00472351947332,0.10512690896304956,12.902061623126333,-0.13769115420249006,0.3722458965634629,2.5224043715846998,3,30,4,144.32899999999995,144.351,144.339
2021-02-05 04:00:00+00:00,144.295,144.33700000000002,144.29299999999995,144.32899999999995,144.3682083333333,144.39358333333334,144.29208333333332,2953,3524.75,63.7964440830305,-0.04166607142859114,0,43.99163638891037,0.1007607011799754,38.71600098012617,-0.4559097122812672,-0.13769115420249006,2.5224043715846998,4,0,4,144.33999999999997,144.39899999999997,144.45399999999995
2021-02-05 04:30:00+00:00,144.32899999999995,144.36700000000002,144.32299999999995,144.33999999999997,144.3682083333333,144.39358333333334,144.29208333333332,2377,3482.55,64.43328740733988,-0.05637535714287323,0,45.30613912039082,0.09670636538140652,45.40023894859703,-0.3714918492366885,-0.4559097122812672,2.5224043715846998,4,30,4,144.33499999999995,144.36499999999995,144.333
2021-02-05 05:00:00+00:00,144.33999999999997,144.35399999999996,144.319,144.33499999999995,144.35129166666667,144.39358333333334,144.29208333333332,2044,3436.8,63.88320209286108,-0.07046678571430515,0,44.35134305325501,0.09229876785416297,31.389788678051534,-0.18592731676696367,-0.3714918492366885,2.5224043715846998,5,0,4,144.351,144.31099999999995,144.408
2021-02-05 05:30:00+00:00,144.33499999999995,144.379,144.33499999999995,144.351,144.35129166666667,144.39358333333334,144.29208333333332,3035,3388.0,64.91541841995814,-0.0631625000000221,0,47.8862590509328,0.08884885586458068,51.75458803656811,0.16112814788621374,-0.18592731676696367,2.5224043715846998,5,30,4,144.39899999999997,144.339,144.391
2021-02-05 06:00:00+00:00,144.351,144.40200000000002,144.344,144.39899999999997,144.35129166666667,144.39358333333334,144.29208333333332,2376,3292.25,67.88112229764829,-0.04026142857145088,0,56.52672078160975,0.08664536615996725,113.8388797963171,0.6254399840561615,0.16112814788621374,2.5224043715846998,6,0,4,144.36499999999995,144.45399999999995,144.54199999999997
2021-02-05 06:30:00+00:00,144.39899999999997,144.42399999999995,144.35899999999995,144.36499999999995,144.35129166666667,144.39358333333334,144.29208333333332,2460,3281.1,63.76920074712883,-0.0186289285714496,0,47.38565999551486,0.08509926857711228,62.56742179071735,1.1104554817430807,0.6254399840561615,2.5224043715846998,6,30,4,144.31099999999995,144.333,144.499
2021-02-05 07:00:00+00:00,144.36499999999995,144.38,144.283,144.31099999999995,144.35129166666667,144.39358333333334,144.29208333333332,3931,3366.45,57.782448656110354,-0.00995750000001744,0,45.811616779359866,0.08594932082160486,-17.116816716682475,1.0073143282077976,1.1104554817430807,2.5224043715846998,7,0,4,144.339,144.408,144.509
2021-02-05 07:30:00+00:00,144.31099999999995,144.35199999999998,144.279,144.339,144.35129166666667,144.3766666666667,144.29208333333332,3709,3423.15,59.88541148964086,-0.0005171428571547343,0,47.51944541884835,0.08502436933434587,18.276762402102726,0.5602045156970255,1.0073143282077976,2.5224043715846998,7,30,4,144.45399999999995,144.391,144.571
2021-02-05 08:00:00+00:00,144.339,144.49599999999995,144.327,144.45399999999995,144.35129166666667,144.39358333333334,144.29208333333332,8906,3840.8,67.12793667814711,0.012456785714275442,0,54.624351472370385,0.09102262866760566,211.93473193469086,0.6660324562607474,0.5602045156970255,2.5224043715846998,8,0,4,144.333,144.54199999999997,144.70899999999997
2021-02-05 08:30:00+00:00,144.45399999999995,144.49599999999995,144.30599999999995,144.333,144.35129166666667,144.39358333333334,144.29208333333332,10033,4286.2,55.72732653585986,-0.006482142857148321,0,45.957284588031385,0.09809244090563364,-32.58145363406829,0.8880314640716422,0.6660324562607474,2.5224043715846998,8,30,4,144.408,144.499,144.76
2021-02-05 09:00:00+00:00,144.333,144.439,144.327,144.408,144.35129166666667,144.39358333333334,144.29208333333332,5342,4401.4,60.235316148641125,-0.002630714285722202,0,50.012949611789274,0.09908583798380233,118.06944658151369,0.9565573294424268,0.8880314640716422,2.5224043715846998,9,0,4,144.391,144.509,144.76799999999997
2021-02-05 09:30:00+00:00,144.408,144.446,144.384,144.391,144.35129166666667,144.42741666666666,144.309,4671,4513.3,58.7744577199545,-0.0007971428571510452,0,45.794546702782405,0.09643684955638873,74.07407407408938,1.2470054548144256,0.9565573294424268,2.5224043715846998,9,30,4,144.54199999999997,144.571,144.83100000000002
2021-02-05 10:00:00+00:00,144.391,144.61,144.39,144.54199999999997,144.3475,144.421,144.316,6222,4527.05,66.53744310335088,0.02533714285713413,0,51.27243355415978,0.10526278887378944,273.6205593348357,1.626730214225279,1.2470054548144256,2.5224043715846998,10,0,4,144.499,144.70899999999997,144.747
2021-02-05 10:30:00+00:00,144.54199999999997,144.59699999999995,144.46599999999995,144.499,144.3475,144.421,144.295,6047,4541.3,62.904802869303495,0.04553499999999206,0,49.720208725196684,0.10710116109709024,178.16091954019694,2.038539868081972,1.626730214225279,2.5224043715846998,10,30,4,144.509,144.76,144.75199999999995
2021-02-05 11:00:00+00:00,144.499,144.547,144.414,144.509,144.3475,144.421,144.274,8549,4678.25,63.40517394370779,0.0625507142857048,0,50.52023453387918,0.10895107816158447,153.68922135325002,1.96480118096612,2.038539868081972,2.5224043715846998,11,0,4,144.571,144.76799999999997,144.83499999999995
2021-02-05 11:30:00+00:00,144.509,144.59699999999995,144.457,144.571,144.3475,144.421,144.274,5292,4679.1,66.42873403378331,0.09061714285713833,0,52.00034363187917,0.1111688582928989,177.5187186048576,2.1110154892071016,1.96480118096612,2.5224043715846998,11,30,4,144.70899999999997,144.83100000000002,144.743
2021-02-05 12:00:00+00:00,144.571,144.71699999999996,144.51899999999995,144.70899999999997,144.34785416666662,144.46241666666666,144.2842083333333,6560,4831.05,71.97836888514223,0.13246428571427812,0,62.861273284555104,0.11737108270054952,233.71274952805246,2.401335608470391,2.1110154892071016,2.5224043715846998,12,0,4,144.76,144.747,144.756
2021-02-05 12:30:00+00:00,144.70899999999997,144.80599999999995,144.64999999999995,144.76,144.35391666666663,144.45600000000002,144.281,5464,4849.6,73.70815918487307,0.16816357142856314,0,63.60419752769764,0.12013029107908213,210.4647671423137,2.757793077194283,2.401335608470391,2.5224043715846998,12,30,4,144.76799999999997,144.75199999999995,144.59199999999996
2021-02-05 13:00:00+00:00,144.76,144.83999999999997,144.70499999999996,144.76799999999997,144.3659583333333,144.47299999999996,144.25891666666666,7362,5017.85,73.97950312401423,0.1995339285714209,0,63.0875210429992,0.12119241314486133,175.1599382307323,3.14353535864509,2.757793077194283,2.5224043715846998,13,0,4,144.83100000000002,144.83499999999995,144.70600000000002
2021-02-05 13:30:00+00:00,144.76799999999997,144.891,144.64700000000002,144.83100000000002,144.3513125,144.53120833333332,144.26954166666667,23050,6019.15,76.07366636206409,0.23326571428570364,0,65.24211443671359,0.12996438363451407,171.98969422970302,3.4616298194602786,3.14353535864509,2.5224043715846998,13,30,4,144.747,144.743,144.67499999999995
2021-02-05 14:00:00+00:00,144.83100000000002,144.884,144.70299999999997,144.747,144.3513125,144.62933333333334,144.23683333333332,15534,6648.2,68.19307773085717,0.2457085714285585,0,63.60610976077156,0.13360978480347818,114.19264560822037,3.8246684978946335,3.4616298194602786,2.5224043715846998,14,0,4,144.75199999999995,144.756,144.625
2021-02-05 14:30:00+00:00,144.747,144.82899999999995,144.71200000000002,144.75199999999995,144.3513125,144.66204166666662,144.23683333333332,10879,7073.3,68.40289777168495,0.25443499999998503,0,60.632360544723284,0.13242337160322906,101.62920369400094,3.5816653336797777,3.8246684978946335,2.359322033898305,14,30,4,144.83499999999995,144.59199999999996,144.619
2021-02-05 15:00:00+00:00,144.75199999999995,144.857,144.747,144.83499999999995,144.3513125,144.69475,144.23683333333332,8980,7420.1,71.73602115544014,0.2728367857142696,0,60.43008542489025,0.13082170220299935,119.62547739309946,3.66622344568324,3.5816653336797777,1.7992667277726857,15,0,4,144.743,144.70600000000002,144.714
2021-02-05 15:30:00+00:00,144.83499999999995,144.88799999999995,144.72199999999995,144.743,144.3513125,144.72745833333332,144.23683333333332,10068,7771.75,63.71318588038346,0.27026499999997905,0,52.578013996359815,0.13333443775992773,72.76924011416818,3.912603724528312,3.66622344568324,2.357905982905983,15,30,4,144.756,144.67499999999995,144.74599999999995
2021-02-05 16:00:00+00:00,144.743,144.78199999999995,144.671,144.756,144.3513125,144.72745833333332,144.23683333333332,6801,7993.0,64.32041225486964,0.2712060714285522,0,52.720135758745975,0.13173912077707506,69.77324195171933,2.8281814449345446,3.912603724528312,2.349628055260361,16,0,4,144.59199999999996,144.625,144.76
2021-02-05 16:30:00+00:00,144.756,144.783,144.56699999999995,144.59199999999996,144.3513125,144.72745833333332,144.26954166666667,8642,8302.1,52.4061038260798,0.2359299999999792,0,47.659500295292176,0.13775775500728454,-0.2125172670470772,1.5555871856854209,2.8281814449345446,2.3041666666666667,16,30,4,144.70600000000002,144.619,144.778
2021-02-05 17:00:00+00:00,144.59199999999996,144.714,144.571,144.70600000000002,144.3513125,144.72745833333332,144.26954166666667,5307,8370.9,58.20200715584434,0.21520321428569025,0,47.818344585493286,0.13813220107819285,42.1017177500464,0.5374449475651688,1.5555871856854209,2.407288317256163,17,0,4,144.67499999999995,144.714,144.755
2021-02-05 17:30:00+00:00,144.70600000000002,144.735,144.64899999999997,144.67499999999995,144.3513125,144.72745833333332,144.26954166666667,4497,8410.3,56.197852997311294,0.1868060714285426,0,49.33034069668827,0.13440847242975146,22.48400552921702,-0.026524144296365404,0.5374449475651688,2.395101171458999,17,30,4,144.625,144.74599999999995,144.64600000000002
2021-02-05 18:00:00+00:00,144.67499999999995,144.69799999999995,144.61499999999995,144.625,144.3513125,144.72745833333332,144.26954166666667,3498,8139.9,53.026262048476255,0.15650142857139632,0,47.432335989915764,0.13073643868476909,-6.622516556332571,-0.5174436595963039,-0.026524144296365404,2.1831683168316838,18,0,4,144.619,144.76,144.619
2021-02-05 18:30:00+00:00,144.625,144.66899999999995,144.605,144.619,144.3513125,144.72745833333332,144.26954166666667,2815,7779.0,52.642326390709464,0.11172321428568388,0,42.96725529682436,0.1259695502072851,-19.740197402017298,-1.0199802443038437,-0.5174436595963039,2.012241054613936,18,30,4,144.714,144.778,144.641
2021-02-05 19:00:00+00:00,144.619,144.71599999999995,144.611,144.714,144.3513125,144.72745833333332,144.26954166666667,2994,7661.6,57.84656759445731,0.08623178571425526,0,49.951576491041145,0.12447172519247827,31.527890056549328,-1.2955926228724093,-1.0199802443038437,2.086621751684312,19,0,4,144.74599999999995,144.755,144.74599999999995
2021-02-05 19:30:00+00:00,144.714,144.75199999999995,144.684,144.74599999999995,144.3513125,144.72745833333332,144.26954166666667,2299,7543.0,59.462542525887216,0.06264321428567918,0,49.87584366810717,0.12043803053587153,48.01793298721635,-1.134059880840694,-1.2955926228724093,2.199207135777998,19,30,4,144.76,144.64600000000002,144.784
2021-02-05 20:00:00+00:00,144.74599999999995,144.784,144.72299999999996,144.76,144.3513125,144.72745833333332,144.26954166666667,1937,7328.75,60.181737627033435,0.05089928571424915,0,58.20993445649004,0.11619245692616692,54.76236208032741,-0.5393575966125744,-1.134059880840694,1.966728280961183,20,0,4,144.778,144.619,144.887
2021-02-05 20:30:00+00:00,144.76,144.79,144.725,144.778,144.3513125,144.72745833333332,144.26954166666667,1695,7111.15,61.13642701021259,0.037513214285681266,0,54.143312489449656,0.112535852860012,67.6184810628081,0.09409725524329332,-0.5393575966125744,1.9769372693726937,20,30,4,144.755,144.641,144.851
2021-02-05 21:00:00+00:00,144.778,144.791,144.732,144.755,144.3513125,144.72745833333332,144.26954166666667,1359,6751.65,59.183785388117755,0.01737214285710942,0,56.336676965484315,0.10871186337001096,38.765170260353656,0.6850232888957096,0.09409725524329332,1.9769372693726937,21,0,4,144.64600000000002,144.74599999999995,144.82
2021-02-05 21:30:00+00:00,144.755,144.796,144.62599999999995,144.64600000000002,144.3513125,144.72745833333332,144.26954166666667,1613,6567.7,50.88859604761074,-0.01985571428574973,0,51.037752439531495,0.11308958741501132,-102.21454173080319,0.8145525465735204,0.6850232888957096,1.9769372693726937,21,30,4,144.619,144.784,144.85299999999995
2021-02-07 22:00:00+00:00,144.42999999999995,144.68200000000002,144.404,144.619,144.3513125,144.72745833333332,144.26954166666667,3476,6413.5,49.05449066822056,-0.04284285714289399,0,58.23575765727945,0.12486890259965275,-118.70795639072912,0.3719589862281336,0.8145525465735204,1.9769372693726937,22,0,6,144.641,144.887,144.80499999999995
2021-02-07 22:30:00+00:00,144.619,144.755,144.618,144.641,144.3513125,144.72745833333332,144.26954166666667,2384,6259.5,50.61631055396153,-0.054828928571463716,0,51.769528925170384,0.12573540955682044,-82.44680851070915,0.2659521785288348,0.3719589862281336,1.9769372693726937,22,30,6,144.74599999999995,144.851,144.80100000000002
2021-02-07 23:00:00+00:00,144.641,144.82799999999997,144.641,144.74599999999995,144.3513125,144.72745833333332,144.26954166666667,4398,6111.3,57.33852293200521,-0.04431357142860454,0,50.297155541527815,0.13011145173133207,35.71629767328109,0.4445977873490287,0.2659521785288348,1.9769372693726937,23,0,6,144.784,144.82,144.76899999999995
2021-02-07 23:30:00+00:00,144.74599999999995,144.80399999999997,144.713,144.784,144.77652083333334,144.85829166666662,144.400375,2778,5097.7,59.48780517117475,-0.01995642857146437,0,53.50868877050704,0.12731777660766405,83.88636628239834,0.8030609013140955,0.4445977873490287,1.9769372693726937,23,30,6,144.887,144.85299999999995,144.83599999999996
2021-02-08 00:00:00+00:00,144.784,144.898,144.73899999999998,144.887,144.7495,144.865,144.403,10351,4838.55,64.6817262033575,0.01575392857139256,0,56.14654250842289,0.12958079256426092,176.83424091753847,1.2316808682290925,0.8030609013140955,1.9769372693726937,0,0,0,144.851,144.80499999999995,144.86999999999995
2021-02-08 00:30:00+00:00,144.887,144.92700000000002,144.849,144.851,144.77306249999995,144.89279166666662,144.413875,8071,4698.15,61.70407793334674,0.04249142857139127,0,54.151961292451446,0.1258964502382425,124.95698766154793,1.6766487533607974,1.2316808682290925,1.9769372693726937,0,30,0,144.82,144.80100000000002,144.83499999999995
2021-02-08 01:00:00+00:00,144.851,144.88,144.78199999999995,144.82,144.77306249999995,144.89279166666662,144.413875,3711,4434.7,59.17772547716297,0.07121785714281706,0,57.481353186004974,0.12390384664979755,96.1743750154585,1.805721976924296,1.6766487533607974,1.9769372693726937,1,0,0,144.85299999999995,144.76899999999995,144.86499999999995
2021-02-08 01:30:00+00:00,144.82,144.855,144.80700000000002,144.85299999999995,144.77306249999995,144.89279166666662,144.44808333333333,3137,4088.15,61.00790451812999,0.09745321428566862,0,55.68747551233425,0.11848214331766928,115.00312131504226,1.8142968017003092,1.805721976924296,1.9769372693726937,1,30,0,144.80499999999995,144.83599999999996,144.84799999999996
2021-02-08 02:00:00+00:00,144.85299999999995,144.85299999999995,144.78099999999995,144.80499999999995,144.77306249999995,144.89279166666662,144.44808333333333,3587,3927.45,57.00460314072442,0.11513892857138452,0,57.035147484958536,0.11516199022355025,66.31668685774811,1.7321699906911632,1.8142968017003092,1.9769372693726937,2,0,0,144.80100000000002,144.86999999999995,144.83999999999997
2021-02-08 02:30:00+00:00,144.80499999999995,144.849,144.78099999999995,144.80100000000002,144.77306249999995,144.89279166666662,144.44808333333333,3185,3654.6,56.67087293400731,0.11508999999995928,0,54.73221454446729,0.11179327663615468,57.65687130244664,1.4773474004014515,1.7321699906911632,1.9769372693726937,2,30,0,144.76899999999995,144.83499999999995,144.84099999999995
2021-02-08 03:00:00+00:00,144.80100000000002,144.80200000000002,144.762,144.76899999999995,144.77306249999995,144.89279166666662,144.44808333333333,2549,3516.7,53.94974084284454,0.11787214285710132,0,50.79522389137657,0.10666518544785733,24.039174951732225,0.9828055765498174,1.4773474004014515,1.9769372693726937,3,0,0,144.83599999999996,144.86499999999995,144.873
2021-02-08 03:30:00+00:00,144.76899999999995,144.849,144.76899999999995,144.83599999999996,144.77306249999995,144.89279166666662,144.44808333333333,2132,3398.45,58.448436369024236,0.12835571428566975,0,45.91323405601244,0.10476052934443984,83.33333333328531,0.579398150205603,0.9828055765498174,1.9769372693726937,3,30,0,144.86999999999995,144.84799999999996,144.885
2021-02-08 04:00:00+00:00,144.83599999999996,144.87599999999995,144.827,144.86999999999995,144.77306249999995,144.89279166666662,144.44808333333333,1684,3307.75,60.554358659981176,0.13765071428566672,0,53.36482478644064,0.100777634391264,109.54616588413698,0.4526676999903393,0.579398150205603,1.9769372693726937,4,0,0,144.83499999999995,144.83999999999997,144.77499999999995
2021-02-08 04:30:00+00:00,144.86999999999995,144.884,144.83399999999997,144.83499999999995,144.77306249999995,144.89279166666662,144.44808333333333,2496,3291.8,57.333039559390954,0.13549142857137852,0,52.672600039221194,0.09715066050617452,67.32628226990442,0.4899411540143082,0.4526676999903393,1.9769372693726937,4,30,0,144.86499999999995,144.84099999999995,144.81599999999997
2021-02-08 05:00:00+00:00,144.83499999999995,144.878,144.825,144.86499999999995,144.77306249999995,144.89279166666662,144.44808333333333,2939,3289.05,59.3301356280225,0.1437153571428082,0,50.26005950129872,0.09399704189859044,92.2364370639646,0.7151580948536174,0.4899411540143082,1.9769372693726937,5,0,0,144.84799999999996,144.873,144.719
2021-02-08 05:30:00+00:00,144.86499999999995,144.88,144.82199999999997,144.84799999999996,144.77306249999995,144.89279166666662,144.44808333333333,2966,3322.4,57.68249077183098,0.1493435714285194,0,52.96349287369808,0.0914258246201212,66.38240949745129,0.9833359791556212,0.7151580948536174,1.9769372693726937,5,30,0,144.83999999999997,144.885,144.748
2021-02-08 06:00:00+00:00,144.84799999999996,144.886,144.83999999999997,144.83999999999997,144.77306249999995,144.89279166666662,144.44808333333333,2549,3353.0,56.881940846981614,0.15283035714279994,0,50.636270986479865,0.08818112286154259,52.6928191488574,1.3627684652964938,0.9833359791556212,1.9769372693726937,6,0,0,144.84099999999995,144.77499999999995,144.634
2021-02-08 06:30:00+00:00,144.83999999999997,144.86,144.827,144.84099999999995,144.77306249999995,144.89279166666662,144.44808333333333,2490,3392.75,56.962346705763466,0.15695285714280294,0,51.92603235731797,0.0842396140857172,49.68264390452675,1.4419432274250223,1.3627684652964938,1.9769372693726937,6,30,0,144.873,144.81599999999997,144.62099999999995
2021-02-08 07:00:00+00:00,144.84099999999995,144.92700000000002,144.84099999999995,144.873,144.77306249999995,144.92700000000002,144.48229166666667,5438,3596.7,59.56108556850277,0.16228607142851592,0,43.084828287355755,0.08436535593673831,78.85304659493539,1.716576393647704,1.4419432274250223,1.9769372693726937,7,0,0,144.885,144.719,144.659
2021-02-08 07:30:00+00:00,144.873,144.92600000000002,144.83999999999997,144.885,144.77306249999995,144.92700000000002,144.48229166666667,4671,3749.6,60.52373047026925,0.15492142857137392,0,42.643759388390215,0.0844821162269722,90.14457148252852,2.0471553541880865,1.716576393647704,1.9769372693726937,7,30,0,144.77499999999995,144.748,144.529
2021-02-08 08:00:00+00:00,144.885,144.92299999999997,144.75,144.77499999999995,144.77306249999995,144.92700000000002,144.48229166666667,6938,3922.7,49.007178999036796,0.1137974999999504,0,38.53929289563586,0.09080482221075802,-71.87257187270427,1.2538136141033378,2.0471553541880865,1.9769372693726937,8,0,0,144.81599999999997,144.634,144.545
2021-02-08 08:30:00+00:00,144.77499999999995,144.88799999999995,144.75199999999995,144.81599999999997,144.84147916666666,144.92700000000002,144.48229166666667,6242,4115.6,52.62557868736147,0.08028285714281004,0,37.70876313901832,0.09403304919570354,-28.806584362286486,0.4465658316398125,1.2538136141033378,1.9769372693726937,8,30,0,144.719,144.62099999999995,144.50199999999995
2021-02-08 09:00:00+00:00,144.81599999999997,144.84699999999995,144.719,144.719,144.77306249999995,144.92700000000002,144.48229166666667,5691,4180.25,44.568021214037145,0.03538499999995884,0,31.778938764248927,0.096459259967438,-214.87360376264562,-0.2608349158155197,0.4465658316398125,1.9769372693726937,9,0,0,144.748,144.659,144.523
2021-02-08 09:30:00+00:00,144.719,144.80700000000002,144.69199999999995,144.748,144.77306249999995,144.92700000000002,144.48229166666667,4046,4243.65,47.172252590469064,0.0034421428571087265,0,34.983589470975154,0.09778359854119308,-145.29205822750424,-0.8738070423650808,-0.2608349158155197,1.9769372693726937,9,30,0,144.634,144.529,144.45600000000002
2021-02-08 10:00:00+00:00,144.748,144.79799999999997,144.57899999999995,144.634,144.77306249999995,144.92700000000002,144.5165,5860,4019.1,39.34663955899431,-0.031048214285743836,0,33.28125590525885,0.10644191293110744,-267.9155515909848,-1.4165121432580898,-0.8738070423650808,1.9769372693726937,10,0,0,144.62099999999995,144.545,144.50199999999995
2021-02-08 10:30:00+00:00,144.634,144.67499999999995,144.58599999999996,144.62099999999995,144.77306249999995,144.92700000000002,144.5165,5636,3897.35,38.56103566536143,-0.0664342857143112,0,32.50616083477037,0.1051960620074568,-219.4842060760659,-1.910838510280915,-1.4165121432580898,1.9769372693726937,10,30,0,144.659,144.50199999999995,144.636
2021-02-08 11:00:00+00:00,144.62099999999995,144.66799999999995,144.55499999999995,144.659,144.77306249999995,144.92700000000002,144.5165,4393,3931.45,42.1942573148221,-0.09149035714288108,0,36.60482705183272,0.10575348614978128,-141.84508404575115,-2.3729143829349786,-1.910838510280915,1.9769372693726937,11,0,0,144.529,144.523,144.629
2021-02-08 11:30:00+00:00,144.659,144.66799999999995,144.52399999999997,144.529,144.77306249999995,144.92700000000002,144.5165,5343,4041.75,34.646016402183804,-0.13137071428573674,0,35.41538215718596,0.10848537999622586,-214.9689762151464,-2.8137870790481587,-2.3729143829349786,1.9769372693726937,11,30,0,144.545,144.45600000000002,144.533
2021-02-08 12:00:00+00:00,144.529,144.64499999999995,144.50199999999995,144.545,144.77306249999995,144.89279166666662,144.5165,5120,4118.4,36.1597460785139,-0.16556071428573532,0,32.93892193996284,0.11095070999649548,-162.72675266206002,-3.2407900016054776,-2.8137870790481587,1.9769372693726937,12,0,0,144.50199999999995,144.50199999999995,144.48299999999998
2021-02-08 12:30:00+00:00,144.545,144.59099999999995,144.5,144.50199999999995,144.77306249999995,144.89279166666662,144.5165,5792,4248.75,33.888021725970766,-0.20286821428573606,0,33.16050711635159,0.10952565928245864,-158.229863100988,-3.658725502171381,-3.2407900016054776,1.9769372693726937,12,30,0,144.523,144.636,144.512
2021-02-08 13:00:00+00:00,144.50199999999995,144.559,144.48,144.523,144.77306249999995,144.89279166666662,144.5165,7842,4513.4,36.00262049652308,-0.2328842857143091,0,33.56511643214809,0.10734525504799787,-122.24494433089184,-4.0707232924290055,-3.658725502171381,1.9769372693726937,13,0,0,144.45600000000002,144.629,144.57399999999996
2021-02-08 13:30:00+00:00,144.523,144.54999999999995,144.41099999999997,144.45600000000002,144.77306249999995,144.89279166666662,144.5165,8262,4819.9,32.43778713556448,-0.2603385714285943,0,34.43174086689298,0.10960630825885588,-136.5711913657592,-4.478822433137368,-4.0707232924290055,1.9769372693726937,13,30,0,144.50199999999995,144.533,144.54199999999997
2021-02-08 14:00:00+00:00,144.45600000000002,144.55599999999995,144.422,144.50199999999995,144.77306249999995,144.89279166666662,144.48229166666667,8324,5151.9,37.04662916357933,-0.2695400000000205,0,36.63101941933849,0.11134871481179376,-99.18674849076572,-4.224994839440897,-4.478822433137368,1.9769372693726937,14,0,0,144.636,144.48299999999998,144.55999999999997
2021-02-08 14:30:00+00:00,144.50199999999995,144.642,144.49200000000002,144.636,144.77306249999995,144.89279166666662,144.5165,10254,5539.8,48.14396888676903,-0.2521482142857357,0,40.113539994815866,0.11410952089666605,-28.095786912560115,-2.797259450227393,-4.224994839440897,3.262203626220362,14,30,0,144.629,144.512,144.55399999999997
2021-02-08 15:00:00+00:00,144.636,144.762,144.58999999999997,144.629,144.77306249999995,144.89279166666662,144.5165,10739,5929.8,47.671216153490455,-0.23007714285716604,0,41.60174224924983,0.11824455511833455,-27.04930214965165,-1.467122984345108,-2.797259450227393,3.315426997245179,15,0,0,144.533,144.57399999999996,144.59699999999995
2021-02-08 15:30:00+00:00,144.629,144.658,144.517,144.533,144.77306249999995,144.89279166666662,144.5165,9516,6257.3,41.63325394275969,-0.22367571428573854,0,38.855155340875505,0.11986994403845287,-72.96041211716837,-0.7481537620119669,-1.467122984345108,2.7670250896057347,15,30,0,144.48299999999998,144.54199999999997,144.613
2021-02-08 16:00:00+00:00,144.533,144.57399999999996,144.434,144.48299999999998,144.77306249999995,144.89279166666662,144.5165,8767,6568.2,38.871714146512645,-0.22227142857145735,0,41.15491322444118,0.12130780517856242,-93.97778549117766,-0.6406584140491538,-0.7481537620119669,2.695601851851852,16,0,0,144.512,144.55999999999997,144.52499999999995
2021-02-08 16:30:00+00:00,144.48299999999998,144.545,144.43099999999995,144.512,144.77306249999995,144.89279166666662,144.5165,7214,6804.4,41.303556484872864,-0.2099364285714529,0,43.065376595678224,0.1207858190943797,-71.95571955722053,-0.842243135533718,-0.6406584140491538,2.662084765177549,16,30,0,144.57399999999996,144.55399999999997,144.56599999999997
2021-02-08 17:00:00+00:00,144.512,144.601,144.505,144.57399999999996,144.77306249999995,144.89279166666662,144.5165,5195,6792.25,46.22873344146701,-0.17821250000002636,0,46.92003326107586,0.1190154034447814,-27.203260315887164,-0.8522821610860647,-0.842243135533718,2.6092342342342336,17,0,0,144.54199999999997,144.59699999999995,144.58499999999995
2021-02-08 17:30:00+00:00,144.57399999999996,144.58999999999997,144.53599999999997,144.54199999999997,144.77306249999995,144.89279166666662,144.5165,3597,6738.55,44.1687300474901,-0.14714321428574484,0,44.23418760106552,0.1143714460558686,-42.31703087066503,-0.7619137460968342,-0.8522821610860647,2.4757804090419806,17,30,0,144.55999999999997,144.613,144.50199999999995
2021-02-08 18:00:00+00:00,144.54199999999997,144.569,144.534,144.55999999999997,144.77306249999995,144.89279166666662,144.5165,3464,6564.85,45.63621230407829,-0.12348392857146034,0,38.49871883392992,0.10870205705187774,-22.558661145664754,-0.7170133646056436,-0.7619137460968342,2.27005076142132,18,0,0,144.55399999999997,144.52499999999995,144.54799999999997
2021-02-08 18:30:00+00:00,144.55999999999997,144.594,144.55100000000002,144.55399999999997,144.77306249999995,144.89279166666662,144.5165,2814,6393.45,45.20964274876749,-0.09421785714288873,0,40.429891999865376,0.10400905297674408,-19.98112020143368,-0.6143452225963273,-0.7170133646056436,2.2342342342342336,18,30,0,144.59699999999995,144.56599999999997,144.539
2021-02-08 19:00:00+00:00,144.55399999999997,144.60799999999998,144.55100000000002,144.59699999999995,144.77306249999995,144.89279166666662,144.5165,3178,6267.8,48.89631373556068,-0.06517464285717267,0,47.982001184869844,0.10065126347840436,35.62114746320032,-0.4855858329276994,-0.6143452225963273,2.3666666666666667,19,0,0,144.613,144.58499999999995,144.59199999999996
2021-02-08 19:30:00+00:00,144.59699999999995,144.613,144.56199999999995,144.613,144.77306249999995,144.89279166666662,144.5165,2964,6213.7,50.23804004815199,-0.030233928571455043,0,55.6001935719396,0.0971047446585195,73.1200664727169,-0.02782621114667108,-0.4855858329276994,2.333333333333333,19,30,0,144.52499999999995,144.50199999999995,144.623
2021-02-08 20:00:00+00:00,144.613,144.613,144.468,144.52499999999995,144.77306249999995,144.89279166666662,144.5165,3174,6079.4,43.47693071943958,-0.01884142857145471,0,50.159951518752834,0.10052583432576882,-43.97634885444378,0.14756658695270464,-0.02782621114667108,2.295546558704453,20,0,0,144.56599999999997,144.54799999999997,144.595
2021-02-08 20:30:00+00:00,144.52499999999995,144.571,144.51799999999997,144.56599999999997,144.77306249999995,144.89279166666662,144.5165,3353,5965.25,47.05227943945834,-0.0017896428571699265,0,51.46892331916746,0.09713113187393004,22.222222222146282,0.2270057952061114,0.14756658695270464,2.6075388026607538,20,30,0,144.58499999999995,144.539,144.619
2021-02-08 21:00:00+00:00,144.56599999999997,144.611,144.55200000000002,144.58499999999995,144.77306249999995,144.89279166666662,144.5165,1694,5830.3,48.67258343746624,0.02174249999997113,0,54.47720175111767,0.09440747959722058,64.50478952450361,0.4762231469590482,0.2270057952061114,2.6075388026607538,21,0,0,144.50199999999995,144.59199999999996,144.60199999999998
2021-02-08 21:30:00+00:00,144.58499999999995,144.619,144.50199999999995,144.50199999999995,144.77306249999995,144.89279166666662,144.5165,1955,5660.9,42.547247897500775,0.016764642857113377,0,43.219722695087185,0.0960212310545633,-76.55298675867697,0.4239708202376736,0.4762231469590482,2.6075388026607538,21,30,0,144.54799999999997,144.623,144.62699999999995
2021-02-08 22:00:00+00:00,144.50199999999995,144.55399999999997,144.46099999999996,144.54799999999997,144.77306249999995,144.89279166666662,144.5165,631,5436.45,46.56115202784307,0.0208549999999714,0,51.669886970079105,0.09580542883637944,1.5345268541740047,0.002066770281788033,0.4239708202376736,2.6075388026607538,22,0,0,144.539,144.595,144.658
2021-02-08 22:30:00+00:00,144.54799999999997,144.60899999999995,144.511,144.539,144.53360416666666,144.8585833333333,144.48229166666667,11263,5710.0,45.885687169505786,0.01708285714283103,0,48.58028615284608,0.0959621839194941,-17.762306422106153,-0.034471904595466625,0.002066770281788033,2.6075388026607538,22,30,0,144.59199999999996,144.619,144.622
2021-02-08 23:00:00+00:00,144.539,144.61,144.53099999999995,144.59199999999996,144.53360416666666,144.8585833333333,144.48229166666667,2043,5420.05,50.44485747414838,0.023172857142833847,0,49.75263641078554,0.0947505993538165,69.10994764399071,0.15028516800667344,-0.034471904595466625,2.6075388026607538,23,0,0,144.623,144.60199999999998,144.582
2021-02-08 23:30:00+00:00,144.59199999999996,144.62699999999995,144.57,144.623,144.53360416666666,144.8585833333333,144.48229166666667,1780,5095.95,52.942187342231406,0.026560357142839386,0,53.94694188930125,0.09205412797140017,112.69517990495686,0.548863539391703,0.15028516800667344,2.6075388026607538,23,30,0,144.595,144.62699999999995,144.55700000000002
2021-02-09 00:00:00+00:00,144.623,144.64299999999997,144.545,144.595,144.5678125,144.8585833333333,144.48229166666667,4173,4888.4,50.4682622049381,0.02535071428570665,0,51.45307538062394,0.09247883311629908,55.43071161051159,0.9566617742813144,0.548863539391703,2.6075388026607538,0,0,1,144.619,144.658,144.46099999999996
2021-02-09 00:30:00+00:00,144.595,144.66,144.58399999999997,144.619,144.5678125,144.8585833333333,144.48229166666667,4498,4600.6,52.516431794992904,0.03976107142856823,0,51.321269519677045,0.09130177360799356,104.46043165466978,1.4012767334834082,0.9566617742813144,2.6075388026607538,0,30,1,144.60199999999998,144.622,144.485
2021-02-09 01:00:00+00:00,144.619,144.64,144.57,144.60199999999998,144.5678125,144.8585833333333,144.48229166666667,4249,4276.1,50.91055385129646,0.05458821428570874,0,56.30177424686214,0.08978021835027925,77.44510978039312,1.606814220774908,1.4012767334834082,2.6075388026607538,1,0,1,144.62699999999995,144.582,144.53599999999997
2021-02-09 01:30:00+00:00,144.60199999999998,144.64399999999995,144.54299999999995,144.62699999999995,144.5678125,144.8585833333333,144.48229166666667,5454,4073.0,53.1780302405796,0.06348535714284975,0,57.29119882966815,0.09058163132525923,113.21839080453128,1.5746403329588343,1.606814220774908,2.6075388026607538,1,30,1,144.658,144.55700000000002,144.583
2021-02-09 02:00:00+00:00,144.62699999999995,144.66899999999995,144.54799999999997,144.658,144.5678125,144.824375,144.48229166666667,8162,4042.75,55.8983257639041,0.06989535714284574,0,64.83465871902808,0.09275437194488424,157.42622157706558,1.6278813916970805,1.5746403329588343,2.6075388026607538,2,0,1,144.622,144.46099999999996,144.487
2021-02-09 02:30:00+00:00,144.658,144.66199999999995,144.575,144.622,144.5678125,144.824375,144.48229166666667,5643,3964.2,52.111905215800704,0.0675971428571334,0,62.66493432943269,0.09234334537739174,80.66393401137698,1.792480484411048,1.6278813916970805,2.6075388026607538,2,30,1,144.582,144.485,144.39999999999995
2021-02-09 03:00:00+00:00,144.622,144.62699999999995,144.558,144.582,144.5678125,144.824375,144.48229166666667,3848,3896.85,48.204738412511865,0.062156785714276463,0,59.44965186335384,0.09067596356472007,-1.12837872499865,1.3885805400371942,1.792480484411048,2.6075388026607538,3,0,1,144.55700000000002,144.53599999999997,144.391
2021-02-09 03:30:00+00:00,144.582,144.582,144.53099999999995,144.55700000000002,144.5678125,144.824375,144.48229166666667,3000,3867.0,45.88895535114689,0.0486578571428465,0,59.581356260192464,0.08784196616724123,-55.362593411260825,0.6698535947128063,1.3885805400371942,2.6075388026607538,3,30,1,144.46099999999996,144.583,144.39999999999995
2021-02-09 04:00:00+00:00,144.55700000000002,144.56699999999995,144.45399999999995,144.46099999999996,144.5678125,144.824375,144.48229166666667,2627,3825.15,38.28334711184389,0.02028749999999125,0,53.15075213876811,0.08963896858386683,-208.73354678052957,-0.02638538285751452,0.6698535947128063,2.6075388026607538,4,0,1,144.485,144.487,144.385
2021-02-09 04:30:00+00:00,144.46099999999996,144.512,144.45299999999997,144.485,144.5678125,144.824375,144.44808333333333,2906,3829.75,40.919639692713815,-0.0014489285714363706,0,54.8559852674939,0.08745047082787817,-144.00128143526175,-0.6490429817278526,-0.02638538285751452,2.6075388026607538,4,30,1,144.53599999999997,144.39999999999995,144.32899999999995
2021-02-09 05:00:00+00:00,144.485,144.54999999999995,144.481,144.53599999999997,144.5678125,144.824375,144.44808333333333,3137,3827.7,46.18069586384034,-0.0073125000000065455,0,53.661046577057746,0.08613258005445748,-55.88682333685185,-0.9378104340737028,-0.6490429817278526,2.6075388026607538,5,0,1,144.583,144.391,144.291
2021-02-09 05:30:00+00:00,144.53599999999997,144.59799999999996,144.528,144.583,144.5678125,144.824375,144.44808333333333,3855,3872.25,50.5508892431219,-0.0015821428571468586,0,52.13537909966665,0.08498025290771002,20.362992474512783,-0.7844266471745216,-0.9378104340737028,2.6075388026607538,5,30,1,144.487,144.39999999999995,144.10399999999996
2021-02-09 06:00:00+00:00,144.583,144.59799999999996,144.482,144.487,144.5678125,144.824375,144.44808333333333,3851,3906.1,42.89003745118714,-0.02094107142857686,0,44.18358052476653,0.08719594912858684,-124.81323985756585,-0.6536176479961366,-0.7844266471745216,2.6075388026607538,6,0,1,144.39999999999995,144.385,144.07899999999995
2021-02-09 06:30:00+00:00,144.487,144.50799999999995,144.378,144.39999999999995,144.5678125,144.824375,144.44808333333333,4370,3956.95,37.36377272223956,-0.04750821428572668,0,39.810020413983935,0.09025338133368746,-202.8434818404055,-0.8777933708361186,-0.6536176479961366,2.6075388026607538,6,30,1,144.391,144.32899999999995,144.082
2021-02-09 07:00:00+00:00,144.39999999999995,144.45899999999997,144.35799999999998,144.391,144.5678125,144.824375,144.44808333333333,5530,4148.75,36.835030209589476,-0.06985285714286897,0,38.306027566014116,0.09102099695270972,-175.68795967277578,-1.2421339463157597,-0.8777933708361186,2.6075388026607538,7,0,1,144.39999999999995,144.291,144.21099999999996
2021-02-09 07:30:00+00:00,144.391,144.433,144.368,144.39999999999995,144.5678125,144.824375,144.44808333333333,5474,4324.7,37.7831994587483,-0.09601964285715983,0,42.25317375227826,0.08916235431323029,-145.97770412779298,-1.656591545080954,-1.2421339463157597,2.6075388026607538,7,30,1,144.385,144.10399999999996,144.188
2021-02-09 08:00:00+00:00,144.39999999999995,144.47099999999998,144.363,144.385,144.5678125,144.75595833333333,144.34545833333334,7412,4663.75,36.79192144052749,-0.11869857142859006,0,38.88604232154877,0.09050790043371212,-134.82150766238578,-1.8813253298297088,-1.656591545080954,2.6075388026607538,8,0,1,144.32899999999995,144.07899999999995,144.14399999999995
2021-02-09 08:30:00+00:00,144.385,144.391,144.27100000000002,144.32899999999995,144.5678125,144.72175,144.31125,8358,4518.5,33.28134038401711,-0.1460192857143089,0,37.06942024632264,0.09261447897416156,-150.5253540429971,-2.21362140809355,-1.8813253298297088,2.6075388026607538,8,30,1,144.291,144.082,144.141
2021-02-09 09:00:00+00:00,144.32899999999995,144.369,144.224,144.291,144.5678125,144.72175,144.31125,8334,4833.05,31.11196723012125,-0.16968107142859634,0,34.91178929335986,0.09635630190457932,-150.7403801814093,-2.5927798966782136,-2.21362140809355,2.6075388026607538,9,0,1,144.10399999999996,144.21099999999996,144.22899999999996
2021-02-09 09:30:00+00:00,144.291,144.30100000000002,144.08599999999996,144.10399999999996,144.55906249999995,144.75179166666666,144.33129166666666,6318,5059.95,23.12396128498756,-0.2138382142857381,0,31.677701132371677,0.1048308517685382,-226.13229064843443,-2.9909759921279258,-2.5927798966782136,2.6075388026607538,9,30,1,144.07899999999995,144.188,144.20299999999997
2021-02-09 10:00:00+00:00,144.10399999999996,144.15099999999995,144.045,144.07899999999995,144.577875,144.74325,144.30225,4087,5055.65,22.299648547622567,-0.2562503571428757,0,32.86322977566129,0.10491436235649937,-195.30328667386172,-3.395848603268112,-2.9909759921279258,2.6075388026607538,10,0,1,144.082,144.14399999999995,144.202
2021-02-09 10:30:00+00:00,144.07899999999995,144.148,144.03699999999995,144.082,144.57470833333332,144.74158333333332,144.29658333333333,4699,5065.7,22.655954102328444,-0.2878910714285849,0,33.29896059403115,0.10534905075960786,-162.92480304455196,-3.8021986697132415,-3.395848603268112,2.6075388026607538,10,30,1,144.21099999999996,144.141,144.22799999999995
2021-02-09 11:00:00+00:00,144.082,144.21099999999996,144.046,144.21099999999996,144.57470833333332,144.74158333333332,144.29658333333333,4831,5094.8,36.20321621658884,-0.2878489285714381,0,42.26470151735588,0.10960983284820673,-92.27614490773009,-3.412280903538016,-3.8021986697132415,2.6075388026607538,11,0,1,144.188,144.22899999999996,144.22
2021-02-09 11:30:00+00:00,144.21099999999996,144.266,144.164,144.188,144.57470833333332,144.74158333333332,144.29658333333333,3761,5010.15,35.02526085106716,-0.28463357142858164,0,42.24210870832679,0.10906627335904938,-92.69442262372776,-2.55149914345932,-3.412280903538016,2.6075388026607538,11,30,1,144.14399999999995,144.20299999999997,144.26999999999995
2021-02-09 12:00:00+00:00,144.188,144.19299999999996,144.13299999999995,144.14399999999995,144.57470833333332,144.74158333333332,144.29658333333333,4933,4848.7,32.82489664376331,-0.28080392857143704,0,39.858589003757956,0.10556153954768888,-98.67894315453222,-2.0475875503805425,-2.55149914345932,2.6075388026607538,12,0,1,144.141,144.202,144.289
2021-02-09 12:30:00+00:00,144.14399999999995,144.15699999999995,144.082,144.141,144.57470833333332,144.74158333333332,144.29658333333333,4047,4768.9,32.6741765670143,-0.2738932142857201,0,41.4952593907073,0.10337857243713887,-88.81811748053133,-1.870683247511764,-2.0475875503805425,2.6075388026607538,12,30,1,144.22899999999996,144.22799999999995,144.31599999999997
2021-02-09 13:00:00+00:00,144.141,144.25699999999995,144.11,144.22899999999996,144.57470833333332,144.74158333333332,144.29658333333333,7279,4940.45,41.20265500816486,-0.2481839285714329,0,53.10706948403438,0.10649438869162832,-43.796964361740066,-1.4813381494375422,-1.870683247511764,2.6075388026607538,13,0,1,144.20299999999997,144.22,144.327
2021-02-09 13:30:00+00:00,144.22899999999996,144.253,144.13199999999995,144.20299999999997,144.57470833333332,144.74158333333332,144.29658333333333,6415,5111.2,39.606299876281525,-0.2267678571428629,0,56.01927876669392,0.10753050378508412,-49.527229204073976,-0.8658779643602642,-1.4813381494375422,2.6075388026607538,13,30,1,144.202,144.26999999999995,144.273
2021-02-09 14:00:00+00:00,144.20299999999997,144.22199999999995,144.11700000000002,144.202,144.57470833333332,144.74158333333332,144.29658333333333,6324,5296.05,39.54284229292907,-0.2122007142857163,0,60.27698179795031,0.10734975351472023,-45.03506829086736,-0.4315361378341352,-0.8658779643602642,2.6075388026607538,14,0,1,144.22799999999995,144.289,144.30599999999995
2021-02-09 14:30:00+00:00,144.202,144.28699999999995,144.11700000000002,144.22799999999995,144.57470833333332,144.77866666666662,144.29658333333333,11099,5705.7,42.1386118653436,-0.1890917857142873,0,56.66335468031336,0.11182477112081077,-27.504603690788606,0.051304853739329,-0.4315361378341352,0.7823211064341551,14,30,1,144.22,144.31599999999997,144.38
2021-02-09 15:00:00+00:00,144.22799999999995,144.244,144.11499999999995,144.22,144.57470833333332,144.77866666666662,144.29658333333333,8378,5967.75,41.54750677227607,-0.16091857142856766,0,62.59740388552333,0.11305157318361135,-26.063458856328158,0.2911839954295615,0.051304853739329,0.8155397390272835,15,0,1,144.26999999999995,144.327,144.40499999999997
2021-02-09 15:30:00+00:00,144.22,144.29399999999995,144.142,144.26999999999995,144.57470833333332,144.77866666666662,144.29658333333333,7487,6149.35,46.5902804224372,-0.11664928571427992,0,66.88494341425647,0.11583360367049532,14.453477868118222,0.7000307791235203,0.2911839954295615,0.8364817001180638,15,30,1,144.289,144.273,144.398
2021-02-09 16:00:00+00:00,144.26999999999995,144.29899999999995,144.22099999999998,144.289,144.57470833333332,144.77866666666662,144.29658333333333,6838,6298.7,48.411602500358896,-0.07282035714284679,0,67.8710438402709,0.1131312034083173,39.41628995164842,1.1563666677266111,0.7000307791235203,0.821615339918652,16,0,1,144.31599999999997,144.30599999999995,144.43099999999995
2021-02-09 16:30:00+00:00,144.289,144.343,144.25699999999995,144.31599999999997,144.57470833333332,144.74158333333332,144.25949999999997,4205,6290.45,50.9703089148919,-0.029862499999986525,0,69.11677471911514,0.11119326030772413,68.25276301359986,1.6166291497198793,1.1563666677266111,1.0545808966861598,16,30,1,144.327,144.38,144.45499999999996
2021-02-09 17:00:00+00:00,144.31599999999997,144.338,144.26999999999995,144.327,144.57470833333332,144.74158333333332,144.25949999999997,3416,6184.75,52.01452839827596,0.012473571428595176,0,72.01014762653288,0.10810802742860183,84.33093907957405,2.0672607015785323,1.6166291497198793,1.353550295857988,17,0,1,144.273,144.40499999999997,144.49499999999995
2021-02-09 17:30:00+00:00,144.327,144.32999999999996,144.255,144.273,144.57470833333332,144.74158333333332,144.25949999999997,3367,6079.4,46.750647835251634,0.04331107142860119,0,68.59341820342452,0.10574316832655803,46.41721692347881,2.267114197282757,2.0672607015785323,1.5213607594936709,17,30,1,144.30599999999995,144.398,144.464
2021-02-09 18:00:00+00:00,144.273,144.32,144.25,144.30599999999995,144.57470833333332,144.74158333333332,144.25949999999997,2778,5847.7,50.075698176724075,0.08094214285716572,0,69.57257816143586,0.10319008487466053,87.64278296987392,2.2376629653111677,2.267114197282757,1.3357611070648217,18,0,1,144.38,144.43099999999995,144.42600000000002
2021-02-09 18:30:00+00:00,144.30599999999995,144.39,144.29299999999995,144.38,144.57470833333332,144.74158333333332,144.25949999999997,2255,5542.55,56.617546488207175,0.12596071428573585,0,71.59470384502595,0.10274793595504253,155.6554307116531,2.4409880709554197,2.2376629653111677,1.3804589193190229,18,30,1,144.40499999999997,144.45499999999996,144.41799999999995
2021-02-09 19:00:00+00:00,144.38,144.46200000000002,144.372,144.40499999999997,144.57470833333332,144.74158333333332,144.25949999999997,3733,5312.5,58.59164759791808,0.16515571428573134,0,66.56745292636774,0.10183736910111116,160.57022368904464,2.7544780008733323,2.4409880709554197,1.4358974358974361,19,0,1,144.398,144.49499999999995,144.438
2021-02-09 19:30:00+00:00,144.40499999999997,144.46099999999996,144.379,144.398,144.57470833333332,144.74158333333332,144.25949999999997,4795,5236.35,57.79857106572572,0.18268464285716526,0,60.29631908872346,0.10042041416531704,134.06723019466295,3.119078509369185,2.7544780008733323,1.4258982035928145,19,30,1,144.43099999999995,144.464,144.485
2021-02-09 20:00:00+00:00,144.398,144.44899999999996,144.38799999999995,144.43099999999995,144.57470833333332,144.74158333333332,144.25949999999997,2708,5167.4,60.51215585105532,0.19768607142859526,0,60.10853497695806,0.09760467029636632,145.5289808231163,3.4330022314715127,3.119078509369185,1.2984441301272984,20,0,1,144.45499999999996,144.42600000000002,144.433
2021-02-09 20:30:00+00:00,144.43099999999995,144.46499999999997,144.392,144.45499999999996,144.57470833333332,144.74158333333332,144.25949999999997,3221,5093.5,62.40547084542368,0.20948928571430533,0,61.30517605203884,0.0958471938466244,148.92707531847282,3.7940801784462184,3.4330022314715127,1.2870304748405386,20,30,1,144.49499999999995,144.41799999999995,144.487
2021-02-09 21:00:00+00:00,144.45499999999996,144.497,144.42,144.49499999999995,144.57470833333332,144.74158333333332,144.25949999999997,1681,4936.0,65.38442887735678,0.2310103571428767,0,67.58362240143043,0.09450096571472252,155.40015540017563,4.177439008132271,3.7940801784462184,1.2870304748405386,21,0,1,144.464,144.438,144.54
2021-02-09 21:30:00+00:00,144.49499999999995,144.50799999999995,144.414,144.464,144.57470833333332,144.74158333333332,144.25949999999997,4080,4951.95,61.328516358196275,0.2384225000000173,0,65.18541350521234,0.09446518244938476,116.02003438741163,4.571079100961689,4.177439008132271,1.2870304748405386,21,30,1,144.42600000000002,144.485,144.576
2021-02-09 22:00:00+00:00,144.464,144.50799999999995,144.38299999999995,144.42600000000002,144.57470833333332,144.74158333333332,144.25949999999997,697,4740.15,56.68656118016204,0.229580000000016,0,57.97065807331971,0.09664624084585728,78.56135939348812,3.963426101068266,4.571079100961689,1.2870304748405386,22,0,1,144.41799999999995,144.433,144.613
2021-02-09 22:30:00+00:00,144.42600000000002,144.469,144.39299999999997,144.41799999999995,144.57470833333332,144.74158333333332,144.25949999999997,1472,4611.4,55.73020385302043,0.21371857142858952,0,56.56791868306625,0.09517150935686904,64.38831104510753,3.0508682964447735,3.963426101068266,1.2870304748405386,22,30,1,144.438,144.487,144.60299999999995
2021-02-09 23:00:00+00:00,144.41799999999995,144.47,144.41799999999995,144.438,144.57470833333332,144.74158333333332,144.25949999999997,1880,4341.45,57.653653055004256,0.2066189285714456,0,57.55086890302943,0.09208783011709418,72.23548130471809,2.2244231120723548,3.0508682964447735,1.2870304748405386,23,0,1,144.485,144.54,144.54899999999995
2021-02-09 23:30:00+00:00,144.438,144.491,144.42,144.485,144.57470833333332,144.74158333333332,144.25949999999997,2012,4121.3,61.84868486195711,0.20235964285715796,0,60.25952782494316,0.0905815565373016,100.483327240984,1.8859264632691293,2.2244231120723548,1.2870304748405386,23,30,1,144.433,144.576,144.51999999999995
2021-02-10 00:00:00+00:00,144.485,144.494,144.373,144.433,144.57470833333332,144.74158333333332,144.25949999999997,3719,3991.05,55.31911329986306,0.18423857142859268,0,56.701653437102564,0.09275430249892357,53.19713451847814,1.2946016021317004,1.8859264632691293,1.2870304748405386,0,0,2,144.487,144.613,144.547
2021-02-10 00:30:00+00:00,144.433,144.504,144.42299999999997,144.487,144.57470833333332,144.74158333333332,144.25949999999997,3568,3614.5,60.037387616689024,0.17541000000002174,0,56.72891801351453,0.0919147094632874,95.64313391931614,1.274824279997718,1.2946016021317004,1.2870304748405386,0,30,2,144.54,144.60299999999995,144.52399999999997
2021-02-10 01:00:00+00:00,144.487,144.54999999999995,144.47099999999998,144.54,144.57470833333332,144.74158333333332,144.25949999999997,4274,3409.3,64.04999902274626,0.1687332142857327,0,59.24033139122799,0.09099223021591027,140.57572983422668,1.510127025790703,1.274824279997718,1.2870304748405386,1,0,2,144.576,144.54899999999995,144.539
2021-02-10 01:30:00+00:00,144.54,144.58499999999995,144.497,144.576,144.57470833333332,144.74158333333332,144.25949999999997,4856,3277.75,66.50981223404403,0.16442142857144898,0,65.28035813411013,0.09077849948620197,164.7998340593505,1.8560220982850064,1.510127025790703,1.2870304748405386,1,30,2,144.613,144.51999999999995,144.51
2021-02-10 02:00:00+00:00,144.576,144.613,144.563,144.613,144.57470833333332,144.74158333333332,144.25949999999997,3044,3088.05,68.86757487582602,0.16491392857145032,0,71.05321552883659,0.08786574952290263,183.37670289303014,2.2471308361599953,1.8560220982850064,1.2870304748405386,2,0,2,144.60299999999995,144.547,144.539
2021-02-10 02:30:00+00:00,144.613,144.648,144.588,144.60299999999995,144.57470833333332,144.74158333333332,144.25949999999997,3786,3067.1,67.484737772743,0.162319642857156,0,69.98369327904946,0.08587533884269546,150.28174804711026,2.65458236415843,2.2471308361599953,1.2870304748405386,2,30,2,144.54899999999995,144.52399999999997,144.504
2021-02-10 03:00:00+00:00,144.60299999999995,144.60899999999995,144.51799999999997,144.54899999999995,144.57470833333332,144.74158333333332,144.25949999999997,3058,3049.2,60.4284522180809,0.1487371428571554,0,64.03354269139388,0.08624138606821781,88.05951945362072,2.2892326640332765,2.65458236415843,1.2870304748405386,3,0,2,144.51999999999995,144.539,144.433
2021-02-10 03:30:00+00:00,144.54899999999995,144.56599999999997,144.48999999999995,144.51999999999995,144.57470833333332,144.74158333333332,144.25949999999997,2213,2991.5,56.982561709592936,0.12338142857144425,0,62.990514073329116,0.08550985849191607,51.90256328613783,1.703695191737839,2.2892326640332765,1.2870304748405386,3,30,2,144.547,144.51,144.52999999999997
2021-02-10 04:00:00+00:00,144.51999999999995,144.55999999999997,144.491,144.547,144.57470833333332,144.74158333333332,144.25949999999997,1686,2936.9,59.309087554374436,0.1050403571428729,0,62.567404602923354,0.08433058288534981,72.95058554702143,1.20480131458444,1.703695191737839,1.2870304748405386,4,0,2,144.52399999999997,144.539,144.63799999999995
2021-02-10 04:30:00+00:00,144.547,144.565,144.52100000000002,144.52399999999997,144.57470833333332,144.74158333333332,144.25949999999997,1384,2893.35,56.505569553205156,0.08564642857143914,0,56.730380698683106,0.08144982696496847,40.50434834942728,0.8437147599597641,1.20480131458444,1.2870304748405386,4,30,2,144.539,144.504,144.66899999999995
2021-02-10 05:00:00+00:00,144.52399999999997,144.54399999999995,144.506,144.539,144.57470833333332,144.74158333333332,144.25949999999997,1853,2799.35,57.90315933390645,0.07074678571429123,0,55.303560246691475,0.07834626789604092,52.02616810837432,0.3393071466064905,0.8437147599597641,1.2870304748405386,5,0,2,144.51,144.433,144.66699999999997
2021-02-10 05:30:00+00:00,144.539,144.55100000000002,144.51,144.51,144.537625,144.74158333333332,144.25949999999997,1924,2655.8,54.27225068372832,0.0503650000000046,0,48.60004550686922,0.07567867733203777,9.90899898888086,-0.19141067159780328,0.3393071466064905,1.2870304748405386,5,30,2,144.539,144.52999999999997,144.974
2021-02-10 06:00:00+00:00,144.51,144.55599999999995,144.493,144.539,144.537625,144.74158333333332,144.25949999999997,1979,2619.35,57.164910884319504,0.039395357142858016,0,53.11729033180006,0.07477305752260566,43.7656874182355,-0.7313419342568642,-0.19141067159780328,1.2870304748405386,6,0,2,144.504,144.63799999999995,144.964
2021-02-10 06:30:00+00:00,144.539,144.55499999999995,144.499,144.504,144.537625,144.74158333333332,144.25949999999997,1709,2543.75,52.82194227706053,0.024943571428570958,0,49.951188615473214,0.07343212484241833,-9.737827715338582,-1.2114162614000137,-0.7313419342568642,1.2870304748405386,6,30,2,144.433,144.66899999999995,144.94799999999995
2021-02-10 07:00:00+00:00,144.504,144.51299999999995,144.421,144.433,144.537625,144.74158333333332,144.25949999999997,3431,2631.25,45.302964978270005,0.0019460714285730039,0,45.00963902254655,0.07475840163938736,-103.63560384454568,-1.6812042303249106,-1.2114162614000137,1.2870304748405386,7,0,2,144.52999999999997,144.66699999999997,145.017
2021-02-10 07:30:00+00:00,144.433,144.52999999999997,144.41,144.52999999999997,144.537625,144.74158333333332,144.25949999999997,3903,2622.4,54.77459888680067,-0.003427142857145349,0,52.15505693162593,0.07798994437942941,27.831855216652432,-2.0426155725417576,-1.6812042303249106,1.2870304748405386,7,30,2,144.63799999999995,144.974,144.98399999999995
2021-02-10 08:00:00+00:00,144.52999999999997,144.665,144.51899999999995,144.63799999999995,144.537625,144.74158333333332,144.25949999999997,6595,2917.3,62.5503979645477,0.007016785714276358,0,59.46993269896759,0.08284780549518553,167.78089281861358,-1.2543987799131755,-2.0426155725417576,1.2870304748405386,8,0,2,144.66899999999995,144.964,144.987
2021-02-10 08:30:00+00:00,144.63799999999995,144.69899999999996,144.583,144.66899999999995,144.537625,144.74158333333332,144.25949999999997,7420,3214.7,64.44031661125909,0.01826999999998974,0,59.68431631551795,0.08521581938838553,189.88408851423716,-0.4487312132336793,-1.2543987799131755,1.2870304748405386,8,30,2,144.66699999999997,144.94799999999995,144.97
2021-02-10 09:00:00+00:00,144.66899999999995,144.725,144.636,144.66699999999997,144.537625,144.74158333333332,144.25949999999997,6797,3460.55,64.21515909405545,0.02767749999998606,0,58.7408351702714,0.08548611800350073,162.39658393377638,0.2582302525602651,-0.4487312132336793,1.2870304748405386,9,0,2,144.974,145.017,144.88299999999995
2021-02-10 09:30:00+00:00,144.66699999999997,145.06799999999996,144.66,144.974,144.57397916666662,144.7672916666666,144.29474999999996,10380,3878.95,77.31680915503253,0.0797389285714112,0,64.6733977537543,0.1085228238603926,358.4968407049991,0.8711524584198221,0.2582302525602651,1.2870304748405386,9,30,2,144.964,144.98399999999995,144.90499999999997
2021-02-10 10:00:00+00:00,144.974,145.004,144.892,144.964,144.57397916666662,144.7672916666666,144.29474999999996,6588,4022.4,76.33640550641688,0.1174071428571328,0,66.76259974760619,0.10877119358464993,256.9801167138535,1.4139266072709917,0.8711524584198221,1.2870304748405386,10,0,2,144.94799999999995,144.987,144.94
2021-02-10 10:30:00+00:00,144.964,144.997,144.909,144.94799999999995,144.57397916666662,144.7672916666666,144.29474999999996,4273,4057.65,74.70417850975065,0.15177999999999087,0,68.1856396138419,0.10728753690003164,191.53772182881556,1.908343496776122,1.4139266072709917,1.2870304748405386,10,30,2,145.017,144.97,144.885
2021-02-10 11:00:00+00:00,144.94799999999995,145.03699999999995,144.94799999999995,145.017,144.57397916666662,144.7672916666666,144.29474999999996,3528,4020.35,76.9892194835179,0.19766357142856025,0,66.56279538181657,0.105981284264315,180.60588491081097,2.3704994418551144,1.908343496776122,1.2870304748405386,11,0,2,144.98399999999995,144.88299999999995,144.93499999999997
2021-02-10 11:30:00+00:00,145.017,145.028,144.94,144.98399999999995,144.57397916666662,144.7672916666666,144.29474999999996,3261,3940.6,73.56647346068627,0.2332264285714169,0,64.79693601649379,0.10469690681686347,135.3783749524323,2.741307432818369,2.3704994418551144,1.2870304748405386,11,30,2,144.987,144.90499999999997,144.91
2021-02-10 12:00:00+00:00,144.98399999999995,145.01799999999997,144.93699999999995,144.987,144.57397916666662,144.7672916666666,144.29474999999996,5111,4043.95,73.68102626005923,0.2674071428571361,0,64.02567733896305,0.10300427061565816,114.10702917274591,2.9479789602022395,2.741307432818369,1.2870304748405386,12,0,2,144.97,144.94,144.90499999999997
2021-02-10 12:30:00+00:00,144.987,145.015,144.93699999999995,144.97,144.57397916666662,144.7672916666666,144.29474999999996,4482,4078.75,71.78264939225559,0.2927664285714168,0,64.7834849513807,0.10121825128596852,92.5863861747587,3.026514816480656,2.9479789602022395,1.2870304748405386,12,30,2,144.88299999999995,144.885,144.94899999999996
2021-02-10 13:00:00+00:00,144.97,145.003,144.85299999999995,144.88299999999995,144.57397916666662,144.7672916666666,144.29474999999996,4955,4173.6,62.85707904624819,0.29309857142855794,0,53.79702955901253,0.10470266190839972,55.544378499803706,2.628970148347308,3.026514816480656,1.2870304748405386,13,0,2,144.90499999999997,144.93499999999997,144.93499999999997
2021-02-10 13:30:00+00:00,144.88299999999995,144.914,144.796,144.90499999999997,144.57397916666662,144.7672916666666,144.29474999999996,11741,4650.0,64.07359651166374,0.2913585714285566,0,57.767762662264346,0.10565247177208513,56.0604547421549,1.5277281581570918,2.628970148347308,1.2870304748405386,13,30,2,144.94,144.91,144.93200000000002
2021-02-10 14:00:00+00:00,144.90499999999997,144.952,144.84199999999996,144.94,144.57397916666662,144.7672916666666,144.29474999999996,6772,4904.3,65.98246155775847,0.2937842857142755,0,62.96097491676877,0.10596300950265143,60.96043791987133,0.7762106501544936,1.5277281581570918,1.2870304748405386,14,0,2,144.885,144.90499999999997,144.946
2021-02-10 14:30:00+00:00,144.94,144.98899999999998,144.885,144.885,144.57397916666662,144.81025,144.29474999999996,10366,5353.4,60.53898972435717,0.2779389285714212,0,54.67580196458643,0.10582279453817528,38.04712068875941,0.4601012448650304,0.7762106501544936,2.3681868743047834,14,30,2,144.93499999999997,144.94899999999996,144.904
2021-02-10 15:00:00+00:00,144.885,144.98399999999995,144.868,144.93499999999997,144.57397916666662,144.81025,144.29474999999996,11358,5828.65,63.487992471689346,0.2691874999999901,0,54.68416807234984,0.10654973778544742,50.42588218451153,0.28907315935986605,0.4601012448650304,0.9623588456712672,15,0,2,144.91,144.93499999999997,144.86
2021-02-10 15:30:00+00:00,144.93499999999997,145.00699999999995,144.86700000000002,144.91,144.57397916666662,144.81025,144.29474999999996,13191,6392.0,61.03204220925327,0.24885285714285035,0,50.82083584812776,0.10893904222934306,37.19865790035121,0.2742940778002719,0.28907315935986605,0.9190012180267966,15,30,2,144.90499999999997,144.93200000000002,144.832
2021-02-10 16:00:00+00:00,144.91,144.93099999999995,144.83700000000002,144.90499999999997,144.57397916666662,144.81025,144.29474999999996,7308,6658.45,60.52773281465849,0.22666285714284706,0,53.228403938778136,0.10787196778438957,31.15746105316023,0.049621985395293375,0.2742940778002719,0.996219281663516,16,0,2,144.94899999999996,144.946,144.80999999999997
2021-02-10 16:30:00+00:00,144.90499999999997,144.95899999999997,144.88899999999995,144.94899999999996,144.57397916666662,144.81025,144.29474999999996,5199,6832.95,63.39425778224384,0.20567607142856406,0,57.60579080704975,0.10516682722836124,47.072029934514255,0.012681535406524072,0.049621985395293375,1.0254291163382072,16,30,2,144.93499999999997,144.904,144.74499999999995
2021-02-10 17:00:00+00:00,144.94899999999996,144.95399999999995,144.887,144.93499999999997,144.57397916666662,144.81025,144.29474999999996,5924,6957.6,61.85504442777491,0.17054678571427972,0,55.257108772076315,0.1024406252834768,36.28899835794832,0.19771202209640606,0.012681535406524072,0.8871252204585538,17,0,2,144.93200000000002,144.86,144.71099999999996
2021-02-10 17:30:00+00:00,144.93499999999997,144.94199999999995,144.89700000000002,144.93200000000002,144.57397916666662,144.81025,144.29474999999996,4163,6970.6,61.51039676946149,0.13458857142856373,0,53.32366248563776,0.09833772347751328,28.30417079344197,0.4258558484843456,0.19771202209640606,1.0369662205226258,17,30,2,144.946,144.832,144.65499999999997
2021-02-10 18:00:00+00:00,144.93200000000002,144.95999999999995,144.91799999999995,144.946,144.57397916666662,144.81025,144.29474999999996,2842,6782.95,62.55883072125172,0.10573214285714086,0,58.84238088916946,0.09431360037197672,35.178035178046734,0.8193463519141921,0.4258558484843456,1.1024294156270518,18,0,2,144.904,144.80999999999997,144.66899999999995
2021-02-10 18:30:00+00:00,144.946,144.95,144.89,144.904,144.57397916666662,144.81025,144.29474999999996,1975,6510.7,57.498701395567004,0.06774964285714186,0,56.43055634164687,0.09186262891683568,-35.65891472867561,0.9131826403532856,0.8193463519141921,1.0735958683021305,18,30,2,144.86,144.74499999999995,144.683
2021-02-10 19:00:00+00:00,144.904,144.94899999999996,144.857,144.86,144.57397916666662,144.81025,144.29474999999996,3579,6349.8,52.690391108775074,0.019871071428571363,0,53.41878850645031,0.0918724411370606,-163.51999999997938,0.6692027372927928,0.9131826403532856,1.1256613756613756,19,0,2,144.832,144.71099999999996,144.72699999999998
2021-02-10 19:30:00+00:00,144.86,144.884,144.82799999999997,144.832,144.57397916666662,144.81025,144.29474999999996,3523,6006.95,49.834419466644135,-0.014232500000000812,0,47.258814421776236,0.08931012391298566,-184.54407869848563,0.14261830920821392,0.6692027372927928,1.315186246418338,19,30,2,144.80999999999997,144.65499999999997,144.69199999999995
2021-02-10 20:00:00+00:00,144.832,144.83599999999996,144.756,144.80999999999997,144.57397916666662,144.81025,144.29474999999996,3104,5832.75,47.649044337684536,-0.047103571428574915,0,47.27892554020074,0.08864511506205698,-185.18978434543487,-0.42229370894404494,0.14261830920821392,1.1906377204884668,20,0,2,144.74499999999995,144.66899999999995,144.665
2021-02-10 20:30:00+00:00,144.80999999999997,144.82,144.688,144.74499999999995,144.57397916666662,144.81025,144.29474999999996,4272,5832.7,41.8145953109601,-0.08504857142857364,0,43.847335980960686,0.09174189255762467,-232.4965132496682,-0.9629740529988624,-0.42229370894404494,1.0263488080301129,20,30,2,144.71099999999996,144.683,144.595
2021-02-10 21:00:00+00:00,144.74499999999995,144.756,144.708,144.71099999999996,144.57397916666662,144.81025,144.29474999999996,1404,5726.5,39.116508133021156,-0.11589142857143606,0,38.58365776563189,0.08861747166065162,-225.21865889215889,-1.468951996917792,-0.9629740529988624,1.0263488080301129,21,0,2,144.65499999999997,144.72699999999998,144.589
2021-02-10 21:30:00+00:00,144.71099999999996,144.73399999999995,144.65499999999997,144.65499999999997,144.57397916666662,144.81025,144.29474999999996,2018,5664.35,35.09933323810334,-0.15090035714287064,0,34.217587165759554,0.08793050939917706,-224.93875306240417,-1.9445681658993328,-1.468951996917792,1.0263488080301129,21,30,2,144.66899999999995,144.69199999999995,144.605
2021-02-10 22:00:00+00:00,144.65499999999997,144.73299999999998,144.56199999999995,144.66899999999995,144.57397916666662,144.81025,144.29474999999996,505,5434.05,36.84551540294725,-0.17106892857144418,0,40.1846520068716,0.09386404444209244,-169.67878036581052,-2.397073324492835,-1.9445681658993328,1.0263488080301129,22,0,2,144.683,144.665,144.671
2021-02-10 22:30:00+00:00,144.66899999999995,144.70999999999995,144.60299999999995,144.683,144.57397916666662,144.81025,144.29474999999996,1838,5301.85,38.623894720927794,-0.1833564285714411,0,47.56789289235418,0.09480232698194292,-131.84640329021929,-2.6971627378244256,-2.397073324492835,1.0263488080301129,22,30,2,144.72699999999998,144.595,144.708
2021-02-10 23:00:00+00:00,144.683,144.753,144.678,144.72699999999998,144.57397916666662,144.81025,144.29474999999996,1315,5119.85,43.96452580811139,-0.1907935714285864,0,50.452458995789605,0.09338787505466048,-84.80956598760142,-2.3462829780135412,-2.6971627378244256,1.0263488080301129,23,0,2,144.69199999999995,144.589,144.76399999999995
2021-02-10 23:30:00+00:00,144.72699999999998,144.736,144.69199999999995,144.69199999999995,144.57397916666662,144.81025,144.29474999999996,1305,4598.05,40.914715420092406,-0.19906107142858911,0,45.446581269345465,0.0898601696936141,-96.9032707028774,-1.9130942614292468,-2.3462829780135412,1.0263488080301129,23,30,2,144.665,144.605,144.81799999999996
2021-02-11 00:00:00+00:00,144.69199999999995,144.7,144.65499999999997,144.665,144.57397916666662,144.81025,144.29474999999996,1835,4351.2,38.68527176265235,-0.2045046428571575,0,43.750785053465265,0.08665587185835709,-101.61585873732042,-1.6785927484803222,-1.9130942614292468,1.0263488080301129,0,0,3,144.595,144.671,144.83100000000002
2021-02-11 00:30:00+00:00,144.665,144.67499999999995,144.57999999999996,144.595,144.57397916666662,144.81025,144.29474999999996,2958,3980.8,33.57696097547746,-0.2233132142857235,0,41.766870138011924,0.08725188101133151,-127.80337941628241,-1.7990727896606606,-1.6785927484803222,1.0263488080301129,0,30,3,144.589,144.708,144.84599999999998
2021-02-11 01:00:00+00:00,144.595,144.613,144.575,144.589,144.57397916666662,144.81025,144.29474999999996,1658,3495.8,33.17261855349395,-0.23294678571429506,0,44.385343591821524,0.0837338895105229,-116.45944345766249,-2.0831851133407344,-1.7990727896606606,1.0263488080301129,1,0,3,144.605,144.76399999999995,144.86399999999998
2021-02-11 01:30:00+00:00,144.589,144.619,144.57799999999997,144.605,144.57397916666662,144.81025,144.29474999999996,2001,2936.3,35.40645045296219,-0.2343028571428606,0,42.64149717255263,0.08068146883120163,-96.8435840028201,-2.33769593460274,-2.0831851133407344,1.0263488080301129,1,30,3,144.671,144.81799999999996,144.82899999999995
2021-02-11 02:00:00+00:00,144.605,144.67700000000002,144.60199999999998,144.671,144.57397916666662,144.81025,144.29474999999996,2969,2719.35,43.75797278538728,-0.21952785714285555,0,45.09883022672781,0.08027564962897417,-53.278688524589384,-1.9608110343129448,-2.33769593460274,1.0263488080301129,2,0,3,144.708,144.83100000000002,144.76799999999997
2021-02-11 02:30:00+00:00,144.671,144.724,144.666,144.708,144.57397916666662,144.85320833333333,144.33770833333332,1774,2548.1,47.83025338648929,-0.19050107142856887,0,46.26816635745841,0.07868453179833261,-26.00544299970014,-1.2074649892280724,-1.9608110343129448,1.0263488080301129,2,30,3,144.76399999999995,144.84599999999998,144.84099999999995
2021-02-11 03:00:00+00:00,144.708,144.76799999999997,144.68200000000002,144.76399999999995,144.57397916666662,144.85320833333333,144.33770833333332,2133,2358.55,53.33728670084507,-0.15010642857142825,0,55.68969536470335,0.07920706524130773,19.41127881654375,-0.4213035704272988,-1.2074649892280724,1.0263488080301129,3,0,3,144.81799999999996,144.86399999999998,144.839
2021-02-11 03:30:00+00:00,144.76399999999995,144.81799999999996,144.74499999999995,144.81799999999996,144.57397916666662,144.85320833333333,144.33770833333332,2194,2260.1,57.94711919376506,-0.10159535714285456,0,62.571947677486,0.07876370343835773,69.6037751199918,0.2751641228695212,-0.4213035704272988,1.0263488080301129,3,30,3,144.83100000000002,144.82899999999995,144.747
2021-02-11 04:00:00+00:00,144.81799999999996,144.84699999999995,144.80999999999997,144.83100000000002,144.57397916666662,144.85320833333333,144.33770833333332,2022,2219.1,58.997294840210024,-0.050441071428563834,0,69.43638493704437,0.07578058176418975,92.62466142711041,0.882480905323886,0.2751641228695212,1.0263488080301129,4,0,3,144.84599999999998,144.76799999999997,144.65599999999995
2021-02-11 04:30:00+00:00,144.83100000000002,144.849,144.82,144.84599999999998,144.57397916666662,144.85320833333333,144.33770833333332,1443,2192.5,60.231363937115184,-0.0024982142857124523,0,74.22767596750171,0.07243911163817594,113.33704322011944,1.4222536897806055,0.882480905323886,1.0263488080301129,4,30,3,144.86399999999998,144.84099999999995,144.735
2021-02-11 05:00:00+00:00,144.84599999999998,144.886,144.83999999999997,144.86399999999998,144.57397916666662,144.85320833333333,144.33770833333332,1411,2084.1,61.72025173018055,0.04489928571428714,0,73.01934642395786,0.07055060366402201,129.44983818769666,1.915051544656285,1.4222536897806055,1.0263488080301129,5,0,3,144.82899999999995,144.839,144.81199999999995
2021-02-11 05:30:00+00:00,144.86399999999998,144.873,144.819,144.82899999999995,144.57397916666662,144.85320833333333,144.33770833333332,1458,1980.85,57.23331067668178,0.07816464285714067,0,65.59699740009977,0.06936841768802057,97.44908598035576,2.2027123879604447,1.915051544656285,1.0263488080301129,5,30,3,144.76799999999997,144.747,144.80100000000002
2021-02-11 06:00:00+00:00,144.82899999999995,144.82899999999995,144.765,144.76799999999997,144.57397916666662,144.85320833333333,144.33770833333332,1318,1891.55,50.36154705293258,0.09667999999999416,0,57.41842256659423,0.06898495928173289,44.28485936561046,1.9736598720736465,2.2027123879604447,1.0263488080301129,6,0,3,144.84099999999995,144.65599999999995,144.75
2021-02-11 06:30:00+00:00,144.76799999999997,144.887,144.762,144.84099999999995,144.57397916666662,144.85320833333333,144.33770833333332,1312,1743.55,57.013234316659116,0.12190642857142026,0,54.94641026803331,0.07298603361875197,101.86235898803506,1.7611830692617048,1.9736598720736465,1.0263488080301129,6,30,3,144.839,144.735,144.731
2021-02-11 07:00:00+00:00,144.84099999999995,144.904,144.759,144.839,144.57397916666662,144.85320833333333,144.33770833333332,2628,1804.75,56.78870792800978,0.1392882142857031,0,51.54136664502119,0.07812988836027042,87.99551932290518,1.5966818877777544,1.7611830692617048,1.0263488080301129,7,0,3,144.747,144.81199999999995,144.84099999999995
2021-02-11 07:30:00+00:00,144.839,144.84099999999995,144.743,144.747,144.57397916666662,144.85320833333333,144.33770833333332,3038,1855.75,47.51836649050035,0.1315657142856992,0,46.02401182463576,0.07954918204882144,8.165910563825742,0.9666457415979476,1.5966818877777544,1.0263488080301129,7,30,3,144.65599999999995,144.80100000000002,144.79199999999997
2021-02-11 08:00:00+00:00,144.747,144.76299999999995,144.637,144.65599999999995,144.57397916666662,144.85320833333333,144.33770833333332,6776,2169.3,40.47943921652286,0.10792428571426456,0,40.48166993851672,0.08286709761676107,-69.32305055702332,0.26146450046041503,0.9666457415979476,1.0263488080301129,8,0,3,144.735,144.75,144.808
2021-02-11 08:30:00+00:00,144.65599999999995,144.743,144.6,144.735,144.57397916666662,144.89616666666666,144.423625,5357,2345.25,47.71968857224238,0.09995785714283767,0,48.3030150419609,0.08716230492984962,-3.989361702134286,-0.3873950434279805,0.26146450046041503,1.0263488080301129,8,30,3,144.81199999999995,144.731,144.82199999999997
2021-02-11 09:00:00+00:00,144.735,144.82,144.69099999999997,144.81199999999995,144.57397916666662,144.89616666666666,144.423625,4433,2501.15,53.6391986072622,0.10883535714283507,0,54.80339386017705,0.090150711720576,58.50208936031965,-0.5701076710401817,-0.3873950434279805,1.0263488080301129,9,0,3,144.80100000000002,144.84099999999995,144.838
2021-02-11 09:30:00+00:00,144.81199999999995,144.844,144.77200000000002,144.80100000000002,144.57397916666662,144.89616666666666,144.423625,4454,2658.6,52.72083114801357,0.10995964285711954,0,55.89292260235072,0.08885423231196364,44.74388874491642,-0.3397557694541085,-0.5701076710401817,1.0263488080301129,9,30,3,144.75,144.79199999999997,144.84799999999996
2021-02-11 10:00:00+00:00,144.80100000000002,144.80100000000002,144.70299999999997,144.75,144.57397916666662,144.89616666666666,144.423625,3382,2735.95,48.56886032191315,0.09674071428569804,0,53.63049406517898,0.0895075014325386,-3.1721950210209435,-0.20444292678105927,-0.3397557694541085,1.0263488080301129,10,0,3,144.731,144.808,144.78699999999995
2021-02-11 10:30:00+00:00,144.75,144.773,144.68699999999995,144.731,144.57397916666662,144.89616666666666,144.423625,3220,2749.05,47.08125347030678,0.07109357142856174,0,52.54698124375432,0.08925696561592962,-29.988465974617327,-0.2145281196658363,-0.20444292678105927,1.0263488080301129,10,30,3,144.84099999999995,144.82199999999997,144.616
2021-02-11 11:00:00+00:00,144.731,144.85,144.72799999999995,144.84099999999995,144.57397916666662,144.89616666666666,144.423625,2996,2815.95,55.566501372461936,0.06226107142856035,0,61.09847194224575,0.09159575378622138,76.55153046894355,-0.02733749251255424,-0.2145281196658363,1.0263488080301129,11,0,3,144.79199999999997,144.838,144.756
2021-02-11 11:30:00+00:00,144.84099999999995,144.84099999999995,144.756,144.79199999999997,144.57397916666662,144.89616666666666,144.423625,3437,2887.75,51.59758082777593,0.041973928571416,0,64.27836396227697,0.09112462851577552,12.81548319600476,0.3376030916433249,-0.02733749251255424,1.0263488080301129,11,30,3,144.808,144.84799999999996,144.71099999999996
2021-02-11 12:00:00+00:00,144.79199999999997,144.84699999999995,144.76799999999997,144.808,144.57397916666662,144.89616666666666,144.423625,3454,2912.0,52.783517683502616,0.028555357142844538,0,59.959557750452745,0.09025858362179212,27.863549478006,0.7925166799774437,0.3376030916433249,1.0263488080301129,12,0,3,144.82199999999997,144.78699999999995,144.718
2021-02-11 12:30:00+00:00,144.808,144.874,144.78199999999995,144.82199999999997,144.57397916666662,144.89616666666666,144.423625,3259,2986.25,53.84905300545977,0.019704999999988062,0,54.787285972027426,0.09038297050595076,43.775100401578094,1.2654934731341232,0.7925166799774437,1.0263488080301129,12,30,3,144.838,144.616,144.783
2021-02-11 13:00:00+00:00,144.82199999999997,144.90099999999995,144.784,144.838,144.57397916666662,144.89616666666666,144.423625,5489,3154.05,55.09624555295187,0.01816035714285047,0,55.11506112178368,0.09228418689838214,64.28542403188564,1.7304157369238609,1.2654934731341232,1.0263488080301129,13,0,3,144.84799999999996,144.756,144.65499999999997
2021-02-11 13:30:00+00:00,144.838,144.892,144.82399999999996,144.84799999999996,144.57397916666662,144.89616666666666,144.423625,3509,3219.8,55.89842529024589,0.02332785714284895,0,54.1538770633881,0.09054960211992713,76.15198700422853,2.181154265150436,1.7304157369238609,1.0263488080301129,13,30,3,144.78699999999995,144.71099999999996,144.66199999999995
2021-02-11 14:00:00+00:00,144.84799999999996,144.873,144.73399999999995,144.78699999999995,144.57397916666662,144.89616666666666,144.423625,6545,3445.95,50.02742984579223,0.01919785714284744,0,52.034371364116815,0.09401034482564732,-17.2275641025662,1.8304226551914968,2.181154265150436,1.0263488080301129,14,0,3,144.616,144.718,144.68499999999997
2021-02-11 14:30:00+00:00,144.78699999999995,144.827,144.60399999999996,144.616,144.57397916666662,144.939125,144.46658333333332,8225,3785.05,37.983712833536465,-0.0128439285714409,0,39.71583832491693,0.10322389162381633,-226.6600099850566,1.0069323938292774,1.8304226551914968,1.4650406504065043,14,30,3,144.756,144.783,144.72299999999996
2021-02-11 15:00:00+00:00,144.616,144.784,144.611,144.756,144.57397916666662,144.939125,144.46658333333332,6201,4024.55,48.84243712265605,-0.011312500000009412,0,47.02375061650471,0.10820789936497242,-33.962006286712565,0.2279839783619633,1.0069323938292774,1.5148833467417535,15,0,3,144.71099999999996,144.65499999999997,144.66899999999995
2021-02-11 15:30:00+00:00,144.756,144.80399999999997,144.708,144.71099999999996,144.57397916666662,144.939125,144.46658333333332,5898,4246.55,46.051282262166644,-0.018933928571434784,0,42.0514222661633,0.10733590655318692,-84.49773725759053,-0.1623118270330247,0.2279839783619633,1.3184152604548791,15,30,3,144.718,144.66199999999995,144.605
2021-02-11 16:00:00+00:00,144.71099999999996,144.73399999999995,144.63,144.718,144.57397916666662,144.939125,144.46658333333332,6043,4482.8,46.56284644870232,-0.028767500000006812,0,44.395886659678155,0.10709762751367248,-68.22667042571922,-0.6446321429227397,-0.1623118270330247,1.1782042494859493,16,0,3,144.783,144.68499999999997,144.67
2021-02-11 16:30:00+00:00,144.718,144.791,144.70499999999996,144.783,144.57397916666662,144.939125,144.46658333333332,4792,4656.8,51.19110859712599,-0.017948928571436394,0,47.64193013280568,0.10559065411983964,17.722436340885295,-0.7755698070314092,-0.6446321429227397,0.9838107098381071,16,30,3,144.65499999999997,144.72299999999996,144.70899999999997
2021-02-11 17:00:00+00:00,144.783,144.78799999999995,144.631,144.65499999999997,144.57397916666662,144.939125,144.46658333333332,5043,4777.55,43.247513908854295,-0.029521071428577888,0,43.890423743140275,0.10926275025413554,-132.8918322295695,-0.9523231200998001,-0.7755698070314092,0.5077574047954866,17,0,3,144.66199999999995,144.66899999999995,144.68099999999995
2021-02-11 17:30:00+00:00,144.65499999999997,144.70399999999995,144.61,144.66199999999995,144.57397916666662,144.939125,144.46658333333332,6042,4927.75,43.76147379788056,-0.045879285714294483,0,44.88429625274421,0.10817255380741116,-109.86573263284124,-1.2916296290817546,-0.9523231200998001,0.5801077902988729,17,30,3,144.68499999999997,144.605,144.69699999999997
2021-02-11 18:00:00+00:00,144.66199999999995,144.69299999999996,144.63299999999995,144.68499999999997,144.57397916666662,144.939125,144.46658333333332,5357,4856.8,45.50767449513806,-0.0660214285714395,0,52.57887959320219,0.10473165710688197,-86.9122491764105,-1.627069162004501,-1.2916296290817546,0.6725571725571725,18,0,3,144.72299999999996,144.67,144.65699999999995
2021-02-11 18:30:00+00:00,144.68499999999997,144.737,144.64600000000002,144.72299999999996,144.57397916666662,144.939125,144.46658333333332,2566,4717.25,48.36054662750555,-0.07165464285715635,0,51.63219919246971,0.10375082445639096,-40.23703703704323,-1.5144012853089697,-1.627069162004501,0.6606868272680677,18,30,3,144.66899999999995,144.70899999999997,144.71200000000002
2021-02-11 19:00:00+00:00,144.72299999999996,144.724,144.65200000000002,144.66899999999995,144.57397916666662,144.939125,144.46658333333332,4419,4716.55,44.773302445270424,-0.07877607142858624,0,53.506236474771825,0.10148290842379183,-93.162688804346,-1.3454399800883678,-1.5144012853089697,0.6502287747839349,19,0,3,144.605,144.68099999999995,144.664
2021-02-11 19:30:00+00:00,144.66899999999995,144.67999999999995,144.605,144.605,144.57397916666662,144.939125,144.46658333333332,3561,4671.9,40.900956893666745,-0.09606678571430144,0,46.423723407731934,0.09959127210780587,-144.00000000001737,-1.5096524172772403,-1.3454399800883678,0.7180851063829787,19,30,3,144.67,144.69699999999997,144.672
2021-02-11 20:00:00+00:00,144.605,144.67399999999995,144.595,144.67,144.57397916666662,144.939125,144.46658333333332,2669,4636.25,46.00835382542442,-0.10298214285715393,0,47.464345545744905,0.09812046695724684,-67.58832565284325,-1.822018776896339,-1.5096524172772403,0.774863387978142,20,0,3,144.70899999999997,144.65699999999995,144.66699999999997
2021-02-11 20:30:00+00:00,144.67,144.724,144.666,144.70899999999997,144.57397916666662,144.939125,144.46658333333332,3792,4664.85,48.863859592692826,-0.1037135714285796,0,55.01248621444563,0.09525471931744296,-26.12598981187941,-1.4689160593081076,-1.822018776896339,0.8391647855530474,20,30,3,144.68099999999995,144.71200000000002,144.63
2021-02-11 21:00:00+00:00,144.70899999999997,144.72299999999996,144.63899999999995,144.68099999999995,144.57397916666662,144.939125,144.46658333333332,1742,4602.15,46.94423270113568,-0.09841321428572283,0,54.83436761685651,0.09445081079476868,-49.45054945056418,-1.0006770722563063,-1.4689160593081076,0.8391647855530474,21,0,3,144.69699999999997,144.664,144.701
2021-02-11 21:30:00+00:00,144.68099999999995,144.714,144.664,144.69699999999997,144.57397916666662,144.939125,144.46658333333332,1441,4502.35,48.19660630147685,-0.09361035714286864,0,55.98284008501175,0.09127575288085746,-28.524441420009502,-0.4098157431250117,-1.0006770722563063,0.8391647855530474,21,30,3,144.65699999999995,144.672,144.66
2021-02-11 22:00:00+00:00,144.69699999999997,144.76399999999995,144.59099999999995,144.65699999999995,144.6598958333333,144.939125,144.46658333333332,2247,4442.0,45.31666311913824,-0.09319214285715703,0,48.794179516251134,0.09711319910365347,-68.79254747405481,-0.002616884889626331,-0.4098157431250117,0.8391647855530474,22,0,3,144.71200000000002,144.66699999999997,144.58700000000002
2021-02-11 22:30:00+00:00,144.65699999999995,144.725,144.65699999999995,144.71200000000002,144.6598958333333,144.939125,144.46658333333332,743,4316.2,49.76183548682991,-0.07935142857144431,0,53.985094929468296,0.0950336848819648,3.912838156894329,0.4464802279849591,-0.002616884889626331,0.8391647855530474,22,30,3,144.664,144.63,144.54399999999995
2021-02-11 23:00:00+00:00,144.71200000000002,144.719,144.64999999999995,144.664,144.6598958333333,144.939125,144.46658333333332,1568,4120.15,46.22984695502372,-0.07086750000001091,0,54.008585459180935,0.09317413596182568,-54.728612238778226,0.7684318821219096,0.4464802279849591,0.8391647855530474,23,0,3,144.672,144.701,144.517
2021-02-11 23:30:00+00:00,144.664,144.68499999999997,144.634,144.672,144.6598958333333,144.939125,144.46658333333332,1760,4032.7,46.90624103910893,-0.05656321428572215,0,51.38847081355321,0.09016169767883724,-35.16325798353621,0.6671901610838378,0.7684318821219096,0.8391647855530474,23,30,3,144.66699999999997,144.66,144.547
2021-02-12 00:00:00+00:00,144.672,144.70999999999995,144.64600000000002,144.66699999999997,144.6598958333333,144.939125,144.46658333333332,2844,3847.65,46.5124260686805,-0.044887142857158266,0,49.90599260834963,0.08829300498749122,-38.24799506486502,0.6755647205117727,0.6671901610838378,0.8391647855530474,0,0,4,144.63,144.58700000000002,144.55100000000002
2021-02-12 00:30:00+00:00,144.66699999999997,144.708,144.61999999999995,144.63,144.6598958333333,144.939125,144.46658333333332,3646,3618.7,43.59553629412133,-0.054998571428587134,0,45.254894455552204,0.08827207605981488,-117.80707260935006,0.31202586824948064,0.6755647205117727,0.8391647855530474,0,30,4,144.701,144.54399999999995,144.54999999999995
2021-02-12 01:00:00+00:00,144.63,144.707,144.613,144.701,144.6598958333333,144.939125,144.46658333333332,2272,3422.25,50.06670284144065,-0.0387021428571582,0,49.112360848730994,0.0886812134841134,40.52720199725021,-0.19443963422357752,0.31202586824948064,0.8391647855530474,1,0,4,144.66,144.517,144.576
2021-02-12 01:30:00+00:00,144.701,144.719,144.636,144.66,144.6598958333333,144.939125,144.50954166666662,2402,3247.45,46.73245491283801,-0.033683214285721866,0,47.93708871009123,0.08827541252096231,-50.000000000027924,-0.2776502599375497,-0.19443963422357752,0.8391647855530474,1,30,4,144.58700000000002,144.547,144.72699999999998
2021-02-12 02:00:00+00:00,144.66,144.664,144.583,144.58700000000002,144.6598958333333,144.939125,144.50954166666662,2488,3069.7,41.440700582048585,-0.040795000000012134,0,41.12259228345376,0.08775574019803564,-197.35951252543708,-0.6230156960482802,-0.2776502599375497,0.8391647855530474,2,0,4,144.54399999999995,144.55100000000002,144.61999999999995
2021-02-12 02:30:00+00:00,144.58700000000002,144.59799999999996,144.528,144.54399999999995,144.6598958333333,144.939125,144.50954166666662,2881,2974.15,38.66346852630147,-0.04473785714287349,0,41.69295035404783,0.08648747304103263,-263.3333333334996,-1.0549620675562354,-0.6230156960482802,0.8391647855530474,2,30,4,144.517,144.54999999999995,144.61399999999998
2021-02-12 03:00:00+00:00,144.54399999999995,144.545,144.497,144.517,144.6598958333333,144.939125,144.50954166666662,2196,2831.8,36.98729992334121,-0.06078750000001655,0,38.78879250001783,0.08373836782381612,-233.924050633074,-1.5071498034328672,-1.0549620675562354,0.8391647855530474,3,0,4,144.547,144.576,144.702
2021-02-12 03:30:00+00:00,144.517,144.57899999999995,144.511,144.547,144.6598958333333,144.939125,144.50954166666662,2166,2638.0,40.09488460609315,-0.06945321428572901,0,40.01888762500064,0.08261419869354238,-146.16641796354662,-1.6899802848269354,-1.5071498034328672,0.8391647855530474,3,30,4,144.55100000000002,144.72699999999998,144.72
2021-02-12 04:00:00+00:00,144.547,144.575,144.53799999999995,144.55100000000002,144.6598958333333,144.939125,144.50954166666662,1478,2444.05,40.516113004328005,-0.07449964285715477,0,42.4247535238924,0.07935604164400407,-117.90295237188286,-1.6598341322053696,-1.6899802848269354,0.8391647855530474,4,0,4,144.54999999999995,144.61999999999995,144.78099999999995
2021-02-12 04:30:00+00:00,144.55100000000002,144.55499999999995,144.505,144.54999999999995,144.6598958333333,144.939125,144.50954166666662,1933,2412.4,40.439556022329775,-0.07495857142858386,0,40.226094054886595,0.07725918152657399,-103.36391437316891,-1.7858444630763075,-1.6598341322053696,0.8391647855530474,4,30,4,144.576,144.61399999999998,144.71599999999995
2021-02-12 05:00:00+00:00,144.54999999999995,144.59699999999995,144.54399999999995,144.576,144.6598958333333,144.939125,144.50954166666662,1596,2271.25,43.43239174332359,-0.07447428571429872,0,43.082402034483366,0.07552638284610423,-63.9017443930417,-1.6158032438052925,-1.7858444630763075,0.8391647855530474,5,0,4,144.72699999999998,144.702,144.884
2021-02-12 05:30:00+00:00,144.576,144.744,144.576,144.72699999999998,144.6598958333333,144.939125,144.50954166666662,2938,2240.1,56.959158197117745,-0.0528232142857263,0,58.11484755845735,0.0821316412142401,103.65437158467479,-0.9675694581302716,-1.6158032438052925,0.8391647855530474,5,30,4,144.61999999999995,144.72,144.82999999999996
2021-02-12 06:00:00+00:00,144.72699999999998,144.72799999999995,144.60899999999995,144.61999999999995,144.6598958333333,144.939125,144.50954166666662,2180,2215.65,48.1691946466178,-0.047243928571443966,0,53.046309066207854,0.08476509541322294,-15.485133696037169,-0.2560028903657009,-0.9675694581302716,0.8391647855530474,6,0,4,144.61399999999998,144.78099999999995,144.778
2021-02-12 06:30:00+00:00,144.61999999999995,144.63799999999995,144.563,144.61399999999998,144.6598958333333,144.939125,144.50954166666662,1557,2103.9,47.72444404328538,-0.039240357142876235,0,54.52603952496826,0.08406758859799192,-17.743979721242216,0.04959945599700452,-0.2560028903657009,0.8391647855530474,6,30,4,144.702,144.71599999999995,144.761
2021-02-12 07:00:00+00:00,144.61399999999998,144.70499999999996,144.59099999999995,144.702,144.6598958333333,144.939125,144.50954166666662,3051,2169.35,54.37778303124987,-0.017632142857157924,0,61.2834961003665,0.08620561798384994,85.74395490283126,0.3971299891407141,0.04959945599700452,0.8391647855530474,7,0,4,144.72,144.884,144.79
2021-02-12 07:30:00+00:00,144.702,144.72299999999996,144.63199999999995,144.72,144.6598958333333,144.939125,144.50954166666662,3867,2290.65,55.62196408779089,0.007216428571416994,0,66.72189113375734,0.08654807384214695,103.66492146593643,0.8439263056377324,0.3971299891407141,0.8391647855530474,7,30,4,144.78099999999995,144.82999999999996,144.75799999999995
2021-02-12 08:00:00+00:00,144.72,144.86,144.67499999999995,144.78099999999995,144.6598958333333,144.939125,144.50954166666662,5870,2471.8,59.63904556091218,0.033018571428555826,0,63.1259628533356,0.09358035428199377,151.0761154855355,1.3110068958142491,0.8439263056377324,0.8391647855530474,8,0,4,144.71599999999995,144.778,144.904
2021-02-12 08:30:00+00:00,144.78099999999995,144.83499999999995,144.659,144.71599999999995,144.6598958333333,144.939125,144.50954166666662,5549,2712.1,54.026994938064874,0.04969857142855697,0,58.6740753892345,0.09946747183327903,82.3652537937931,1.6269715276613013,1.3110068958142491,0.8391647855530474,8,30,4,144.884,144.761,144.92499999999995
2021-02-12 09:00:00+00:00,144.71599999999995,144.94199999999995,144.68599999999995,144.884,144.6598958333333,144.939125,144.50954166666662,6340,2950.7,63.56905142478522,0.08755785714284466,0,60.5489797153536,0.11064836670233057,210.35252119587693,2.0082923506507573,1.6269715276613013,0.8391647855530474,9,0,4,144.82999999999996,144.79,144.96699999999996
2021-02-12 09:30:00+00:00,144.884,144.91199999999995,144.813,144.82999999999996,144.6598958333333,144.939125,144.50954166666662,4026,3064.0,59.307956471038636,0.11269785714285255,0,61.301203923233786,0.1098163405093062,140.27441485068712,2.4140920458396757,2.0082923506507573,0.8391647855530474,9,30,4,144.778,144.75799999999995,144.994
2021-02-12 10:00:00+00:00,144.82999999999996,144.84599999999998,144.76299999999995,144.778,144.6598958333333,144.939125,144.50954166666662,3521,3097.85,55.453204855880315,0.1260160714285681,0,58.153275151424324,0.10790088761578423,87.74412680442256,2.248614016578273,2.4140920458396757,0.8391647855530474,10,0,4,144.761,144.904,145.05100000000002
2021-02-12 10:30:00+00:00,144.778,144.82,144.71699999999996,144.761,144.6598958333333,144.939125,144.50954166666662,3293,3080.2,54.212654569117916,0.1307278571428579,0,54.32469932597717,0.10755082421465738,67.39367502726834,1.84091764049613,2.248614016578273,0.8391647855530474,10,30,4,144.79,144.92499999999995,145.22099999999998
2021-02-12 11:00:00+00:00,144.761,144.81199999999995,144.73999999999995,144.79,144.6598958333333,144.939125,144.50954166666662,3166,3124.9,56.020142077750464,0.14580678571428707,0,53.048422836290456,0.10501147962789634,81.29658519674993,1.4379557304316104,1.84091764049613,0.8391647855530474,11,0,4,144.75799999999995,144.96699999999996,145.232
2021-02-12 11:30:00+00:00,144.79,144.83100000000002,144.737,144.75799999999995,144.6598958333333,144.939125,144.50954166666662,2850,3147.3,53.509982609813086,0.14964892857143508,0,49.46005425085215,0.10422494536876048,53.95242651626357,1.1059060663633191,1.4379557304316104,0.8391647855530474,11,30,4,144.904,144.994,145.351
2021-02-12 12:00:00+00:00,144.75799999999995,144.909,144.74599999999995,144.904,144.6598958333333,144.939125,144.50954166666662,3721,3208.95,61.89852425004197,0.1711407142857236,0,58.00878474343256,0.10842316355670692,136.3783608681675,0.9495518886352168,1.1059060663633191,0.8391647855530474,12,0,4,144.92499999999995,145.05100000000002,145.30100000000002
2021-02-12 12:30:00+00:00,144.904,144.98899999999998,144.891,144.92499999999995,144.6598958333333,144.939125,144.50954166666662,5773,3353.55,62.934495711011685,0.1861685714285796,0,50.74299990806446,0.1076786518740839,138.39489284086406,1.1411860373889928,0.9495518886352168,0.8391647855530474,12,30,4,144.96699999999996,145.22099999999998,145.40099999999995
2021-02-12 13:00:00+00:00,144.92499999999995,144.99499999999995,144.886,144.96699999999996,144.6598958333333,144.939125,144.50954166666662,5383,3512.9,64.98506298942524,0.20079892857143836,0,56.92136772446504,0.1077730338830765,150.49472830497294,1.4789672822681603,1.1411860373889928,0.8391647855530474,13,0,4,144.994,145.232,145.428
2021-02-12 13:30:00+00:00,144.96699999999996,145.00699999999995,144.90099999999995,144.994,144.6598958333333,144.939125,144.50954166666662,6236,3716.4,66.27667952552319,0.216091071428588,0,62.42537190156054,0.1076463886057135,151.57921711834788,1.8742233549645229,1.4789672822681603,0.8391647855530474,13,30,4,145.05100000000002,145.351,145.414
2021-02-12 14:00:00+00:00,144.994,145.06699999999995,144.964,145.05100000000002,144.6598958333333,144.939125,144.50954166666662,5588,3921.9,68.8860246527755,0.2328757142857346,0,65.6584933120531,0.10731450370530396,164.91680481369718,2.2888611245487653,1.8742233549645229,0.8391647855530474,14,0,4,145.22099999999998,145.30100000000002,145.392
2021-02-12 14:30:00+00:00,145.05100000000002,145.30599999999995,145.02100000000002,145.22099999999998,144.6450625,144.93587499999995,144.51287499999995,8103,4230.4,75.0792976352401,0.2605042857143112,0,65.94926896395499,0.1200063248692106,216.3035351917554,2.707348634435641,2.2888611245487653,0.8889589905362776,14,30,4,145.232,145.40099999999995,145.45499999999996
2021-02-12 15:00:00+00:00,145.22099999999998,145.253,145.15099999999995,145.232,144.6450625,144.93587499999995,144.51287499999995,7134,4507.3,75.4202321298736,0.2828942857143135,0,69.495435322488,0.1187201588071244,184.0778097983107,3.124022740057834,2.707348634435641,0.936064556176288,15,0,4,145.351,145.428,145.42
2021-02-12 15:30:00+00:00,145.232,145.36700000000002,145.194,145.351,144.67429166666662,144.92366666666666,144.48033333333333,8588,4789.8,78.79931953550492,0.3308135714286043,0,70.92446607720655,0.12259729032090134,195.11841519361832,3.537359699936972,3.124022740057834,1.1010101010101008,15,30,4,145.30100000000002,145.414,145.378
2021-02-12 16:00:00+00:00,145.351,145.384,145.28099999999995,145.30100000000002,144.79468749999995,144.93499999999997,144.486,5718,4966.7,74.18462178024717,0.35013892857146023,0,68.6254833977927,0.121197483869409,149.13294797691015,3.9474317394583536,3.537359699936972,1.086697551290536,16,0,4,145.40099999999995,145.392,145.363
2021-02-12 16:30:00+00:00,145.30100000000002,145.41899999999995,145.29899999999995,145.40099999999995,144.64162499999995,144.95833333333331,144.49766666666662,3650,5071.35,77.07612396511479,0.375819642857171,0,70.80993745479836,0.1211119493073087,157.8010434292369,4.354815790979773,3.9474317394583536,1.1698630136986299,16,30,4,145.428,145.45499999999996,145.36700000000002
2021-02-12 17:00:00+00:00,145.40099999999995,145.44199999999995,145.39299999999997,145.428,144.65168749999995,144.97366666666662,144.5053333333333,2621,5049.85,77.79916474779175,0.40267107142860536,0,70.65266487664977,0.11596109578535856,141.7369935655233,4.760154834924664,4.354815790979773,1.094957432874918,17,0,4,145.414,145.42,145.36700000000002
2021-02-12 17:30:00+00:00,145.428,145.44199999999995,145.39299999999997,145.414,144.65168749999995,144.97366666666662,144.5053333333333,2582,4985.6,76.45263437946547,0.4192921428571745,0,69.1670605578602,0.11117816037211913,117.850769742631,6.180278584712531,4.760154834924664,1.0442024343369636,17,30,4,145.392,145.378,145.35299999999995
